Sample	Glyco_Genes_Sum	Corr	type
697_HAEMATOPOIETIC_AND_LYMPHOID_TISSUE_TenPx30	0.016445239	0.357142857142857	HAEMATOPOIETIC
A101D_SKIN_TenPx38	0.010172734	0.619047619047619	SKIN
A2058_SKIN_TenPx03	0.021940217	0.476190476190476	SKIN
A2780_OVARY_TenPx14	0.012577857	0.571428571428572	OVARY
A375_SKIN_TenPx03	0.02002995	0.476190476190476	SKIN
A549_LUNG_TenPx12	0.008172831	0.547619047619048	LUNG
ABC1_LUNG_TenPx04	0.01339021	0.476190476190476	LUNG
ASPC1_PANCREAS_TenPx29	0.011294807	0.80952380952381	PANCREAS
AU565_BREAST_TenPx01	0.019126564	0.476190476190476	BREAST
BT20_BREAST_TenPx24	0.015173177	0.119047619047619	BREAST
BT549_BREAST_TenPx07	0.015420555	0.547619047619048	BREAST
BXPC3_PANCREAS_TenPx23	0.005988148	0.571428571428572	PANCREAS
C32_SKIN_TenPx25	0.022389924	0.690476190476191	SKIN
CAL120_BREAST_TenPx02	0.017890698	0.428571428571429	BREAST
CAL120_BREAST_TenPx28	0.013972721	0.357142857142857	BREAST
CAL51_BREAST_TenPx01	0.011330319	0.5	BREAST
CAL851_BREAST_TenPx07	0.008224682	0.690476190476191	BREAST
CALU1_LUNG_TenPx23	0.020830731	0.452380952380952	LUNG
CALU6_LUNG_TenPx24	0.014730104	0.357142857142857	LUNG
CAMA1_BREAST_TenPx04	0.011971823	0.642857142857143	BREAST
CAOV3_OVARY_TenPx02	0.01961579	0.404761904761905	OVARY
CCK81_LARGE_INTESTINE_TenPx39	0.015093158	0.357142857142857	LARGE_INTESTINE
CFPAC1_PANCREAS_TenPx13	0.009426627	0.857142857142857	PANCREAS
CHAGOK1_LUNG_TenPx37	0.013827812	0.357142857142857	LUNG
CL34_LARGE_INTESTINE_TenPx38	0.010232271	0.142857142857143	LARGE_INTESTINE
CMK_HAEMATOPOIETIC_AND_LYMPHOID_TISSUE_TenPx35	0.014752102	0.428571428571429	HAEMATOPOIETIC
COLO205_LARGE_INTESTINE_TenPx20	0.015624666	0.642857142857143	LARGE_INTESTINE
COLO320_LARGE_INTESTINE_TenPx14	0.015623552	0.5	LARGE_INTESTINE
COLO678_LARGE_INTESTINE_TenPx13	0.012411746	0.333333333333333	LARGE_INTESTINE
COLO679_SKIN_TenPx10	0.022333854	0.5	SKIN
COLO741_SKIN_TenPx11	0.010729511	0.690476190476191	SKIN
COLO829_SKIN_TenPx35	0.017013245	0.285714285714286	SKIN
CORL105_LUNG_TenPx13	0.01870761	0.0714285714285714	LUNG
CORL23_LUNG_TenPx29	0.006850777	0.714285714285714	LUNG
CORL47_LUNG_TenPx20	0.014158422	0.547619047619048	LUNG
CORL88_LUNG_TenPx21	0.014455226	0.547619047619048	LUNG
COV362_OVARY_TenPx03	0.01813252	0.547619047619048	OVARY
DANG_PANCREAS_TenPx39	0.009992431	0.428571428571429	PANCREAS
DMS114_LUNG_TenPx08	0.010600709	0.714285714285714	LUNG
DMS273_LUNG_TenPx06	0.015099765	0.571428571428572	LUNG
DV90_LUNG_TenPx12	0.012087004	0.642857142857143	LUNG
EBC1_LUNG_TenPx05	0.011035007	0.5	LUNG
EFM19_BREAST_TenPx22	0.009800193	0.690476190476191	BREAST
EFM192A_BREAST_TenPx37	0.011118211	0.619047619047619	BREAST
EOL1_HAEMATOPOIETIC_AND_LYMPHOID_TISSUE_TenPx33	0.012019904	0.238095238095238	HAEMATOPOIETIC
F36P_HAEMATOPOIETIC_AND_LYMPHOID_TISSUE_TenPx29	0.014969981	0.428571428571429	HAEMATOPOIETIC
FUOV1_OVARY_TenPx16	0.013073222	0.428571428571429	OVARY
HCC1143_BREAST_TenPx16	0.007617649	0.690476190476191	BREAST
HCC1187_BREAST_TenPx20	0.012078818	0.428571428571429	BREAST
HCC1395_BREAST_TenPx15	0.017629145	0.285714285714286	BREAST
HCC15_LUNG_TenPx28	0.013921574	0.642857142857143	LUNG
HCC1500_BREAST_TenPx12	0.009662956	0.619047619047619	BREAST
HCC1806_BREAST_TenPx14	0.004836147	0.690476190476191	BREAST
HCC1833_LUNG_TenPx40	0.00943424	0.30952380952381	LUNG
HCC1937_BREAST_TenPx18	0.005955538	0.619047619047619	BREAST
HCC1954_BREAST_TenPx08	0.013816247	0.547619047619048	BREAST
HCC2218_BREAST_TenPx21	0.018099751	0.428571428571429	BREAST
HCC38_BREAST_TenPx11	0.006456457	0.785714285714286	BREAST
HCC44_LUNG_TenPx21	0.008999251	0.476190476190476	LUNG
HCC56_LARGE_INTESTINE_TenPx07	0.013176958	0.5	LARGE_INTESTINE
HCC70_BREAST_TenPx13	0.014493873	0.5	BREAST
HCC827_LUNG_TenPx10	0.011947209	0.80952380952381	LUNG
HCC95_LUNG_TenPx11	0.01221373	0.476190476190476	LUNG
HCT116_LARGE_INTESTINE_TenPx04	0.01472414	0.428571428571429	LARGE_INTESTINE
HCT15_LARGE_INTESTINE_TenPx18	0.010576321	0.547619047619048	LARGE_INTESTINE
HCT15_LARGE_INTESTINE_TenPx30	0.013097449	0.476190476190476	LARGE_INTESTINE
HDMYZ_HAEMATOPOIETIC_AND_LYMPHOID_TISSUE_TenPx41	0.014338943	0.452380952380952	HAEMATOPOIETIC
HDQP1_BREAST_TenPx41	0.006623631	0.547619047619048	BREAST
HEL_HAEMATOPOIETIC_AND_LYMPHOID_TISSUE_TenPx23	0.015851273	0.428571428571429	HAEMATOPOIETIC
HEL9217_HAEMATOPOIETIC_AND_LYMPHOID_TISSUE_TenPx33	0.015573898	0.357142857142857	HAEMATOPOIETIC
HEYA8_OVARY_TenPx27	0.0126966	0.619047619047619	OVARY
HS294T_SKIN_TenPx02	0.016406522	0.547619047619048	SKIN
HS695T_SKIN_TenPx05	0.013519304	0.547619047619048	SKIN
HS944T_SKIN_TenPx05	0.017065391	0.690476190476191	SKIN
HT115_LARGE_INTESTINE_TenPx04	0.011945147	0.476190476190476	LARGE_INTESTINE
HT29_LARGE_INTESTINE_TenPx04	0.014567795	0.428571428571429	LARGE_INTESTINE
HT55_LARGE_INTESTINE_TenPx06	0.007310607	0.761904761904762	LARGE_INTESTINE
HUPT3_PANCREAS_TenPx31	0.00936309	0.642857142857143	PANCREAS
HUPT4_PANCREAS_TenPx41	0.007773973	0.547619047619048	PANCREAS
IALM_LUNG_TenPx34	0.011724608	0.428571428571429	LUNG
IGR1_SKIN_TenPx30	0.009425909	0.761904761904762	SKIN
IGR37_SKIN_TenPx01	0.016173094	0.404761904761905	SKIN
IGR39_SKIN_TenPx07	0.014642455	0.5	SKIN
IGROV1_OVARY_TenPx19	0.008381782	0.761904761904762	OVARY
IPC298_SKIN_TenPx08	0.021848243	0.476190476190476	SKIN
JEKO1_HAEMATOPOIETIC_AND_LYMPHOID_TISSUE_TenPx39	0.023221745	0.333333333333333	HAEMATOPOIETIC
JHOS2_OVARY_TenPx33	0.013582445	0.642857142857143	OVARY
JIMT1_BREAST_TenPx03	0.01568802	0.547619047619048	BREAST
JM1_HAEMATOPOIETIC_AND_LYMPHOID_TISSUE_TenPx38	0.021200275	0.547619047619048	HAEMATOPOIETIC
JURKAT_HAEMATOPOIETIC_AND_LYMPHOID_TISSUE_TenPx39	0.023598423	0.404761904761905	HAEMATOPOIETIC
K029AX_SKIN_TenPx33	0.019758676	0.19047619047619	SKIN
K562_HAEMATOPOIETIC_AND_LYMPHOID_TISSUE_TenPx25	0.01262134	0.380952380952381	HAEMATOPOIETIC
KARPAS299_HAEMATOPOIETIC_AND_LYMPHOID_TISSUE_TenPx27	0.020664918	0.19047619047619	HAEMATOPOIETIC
KARPAS422_HAEMATOPOIETIC_AND_LYMPHOID_TISSUE_TenPx28	0.023612971	0.285714285714286	HAEMATOPOIETIC
KASUMI1_HAEMATOPOIETIC_AND_LYMPHOID_TISSUE_TenPx28	0.01094334	0.547619047619048	HAEMATOPOIETIC
KASUMI2_HAEMATOPOIETIC_AND_LYMPHOID_TISSUE_TenPx38	0.01643191	0.404761904761905	HAEMATOPOIETIC
KMS11_HAEMATOPOIETIC_AND_LYMPHOID_TISSUE_TenPx32	0.015352792	0.214285714285714	HAEMATOPOIETIC
KMS12BM_HAEMATOPOIETIC_AND_LYMPHOID_TISSUE_TenPx27	0.015128471	0.547619047619048	HAEMATOPOIETIC
KMS27_HAEMATOPOIETIC_AND_LYMPHOID_TISSUE_TenPx31	0.021388911	0.261904761904762	HAEMATOPOIETIC
KP2_PANCREAS_TenPx36	0.008393349	0.547619047619048	PANCREAS
KP4_PANCREAS_TenPx24	0.013120299	0.452380952380952	PANCREAS
KPL1_BREAST_TenPx03	0.016965172	0.547619047619048	BREAST
KURAMOCHI_OVARY_TenPx15	0.004971773	0.642857142857143	OVARY
L33_PANCREAS_TenPx17	0.006302579	0.428571428571429	PANCREAS
L428_HAEMATOPOIETIC_AND_LYMPHOID_TISSUE_TenPx41	0.021718336	0.523809523809524	HAEMATOPOIETIC
LCLC103H_LUNG_TenPx19	0.009875291	0.857142857142857	LUNG
LK2_LUNG_TenPx11	0.012172647	0.476190476190476	LUNG
LOXIMVI_SKIN_TenPx19	0.013118557	0.738095238095238	SKIN
LS180_LARGE_INTESTINE_TenPx27	0.008086569	0.523809523809524	LARGE_INTESTINE
LS411N_LARGE_INTESTINE_TenPx09	0.013958539	0.476190476190476	LARGE_INTESTINE
LS513_LARGE_INTESTINE_TenPx09	0.010236057	0.547619047619048	LARGE_INTESTINE
LU65_LUNG_TenPx22	0.01708982	0.30952380952381	LUNG
LUDLU1_LUNG_TenPx09	0.008220803	0.690476190476191	LUNG
LXF289_LUNG_TenPx31	0.015566531	0.547619047619048	LUNG
MCF7_BREAST_TenPx08	0.017572522	0.547619047619048	BREAST
MDAMB157_BREAST_TenPx07	0.016106456	0.428571428571429	BREAST
MDAMB231_BREAST_TenPx27	0.014857563	0.761904761904762	BREAST
MDAMB436_BREAST_TenPx12	0.015678932	0.761904761904762	BREAST
MDAMB453_BREAST_TenPx19	0.016551608	0.428571428571429	BREAST
MDAMB468_BREAST_TenPx01	0.012610086	0.476190476190476	BREAST
MDST8_LARGE_INTESTINE_TenPx03	0.018013664	0.595238095238095	LARGE_INTESTINE
MELJUSO_SKIN_TenPx09	0.015743903	0.5	SKIN
MEWO_SKIN_TenPx05	0.018572518	0.5	SKIN
MIAPACA2_PANCREAS_TenPx10	0.008386928	0.785714285714286	PANCREAS
MOLM13_HAEMATOPOIETIC_AND_LYMPHOID_TISSUE_TenPx27	0.0106741	0.261904761904762	HAEMATOPOIETIC
MOLM16_HAEMATOPOIETIC_AND_LYMPHOID_TISSUE_TenPx37	0.023202371	0.380952380952381	HAEMATOPOIETIC
MONOMAC1_HAEMATOPOIETIC_AND_LYMPHOID_TISSUE_TenPx23	0.012891142	0.428571428571429	HAEMATOPOIETIC
MONOMAC6_HAEMATOPOIETIC_AND_LYMPHOID_TISSUE_TenPx24	0.017222359	0.380952380952381	HAEMATOPOIETIC
NCIH1048_LUNG_TenPx07	0.012402509	0.476190476190476	LUNG
NCIH1155_LUNG_TenPx26	0.012233046	0.476190476190476	LUNG
NCIH1299_LUNG_TenPx06	0.011773807	0.476190476190476	LUNG
NCIH1355_LUNG_TenPx18	0.010390253	0.476190476190476	LUNG
NCIH1435_LUNG_TenPx15	0.012525791	0.738095238095238	LUNG
NCIH1437_LUNG_TenPx18	0.008444083	0.880952380952381	LUNG
NCIH146_LUNG_TenPx20	0.017192624	0.547619047619048	LUNG
NCIH1568_LUNG_TenPx15	0.009624925	0.476190476190476	LUNG
NCIH1573_LUNG_TenPx12	0.007464606	0.714285714285714	LUNG
NCIH1581_LUNG_TenPx14	0.010846745	0.690476190476191	LUNG
NCIH1650_LUNG_TenPx11	0.015522435	0.5	LUNG
NCIH1666_LUNG_TenPx16	0.005546893	0.785714285714286	LUNG
NCIH1693_LUNG_TenPx08	0.007258621	0.785714285714286	LUNG
NCIH1703_LUNG_TenPx19	0.016278934	0.547619047619048	LUNG
NCIH1792_LUNG_TenPx14	0.010936713	0.738095238095238	LUNG
NCIH1793_LUNG_TenPx17	0.015188124	0.476190476190476	LUNG
NCIH1944_LUNG_TenPx15	0.013221378	0.476190476190476	LUNG
NCIH196_LUNG_TenPx19	0.008700853	0.476190476190476	LUNG
NCIH1975_LUNG_TenPx13	0.012462834	0.785714285714286	LUNG
NCIH2009_LUNG_TenPx19	0.005679557	0.761904761904762	LUNG
NCIH2030_LUNG_TenPx18	0.011842432	0.547619047619048	LUNG
NCIH2066_LUNG_TenPx14	0.01179384	-0.047619048	LUNG
NCIH2110_LUNG_TenPx10	0.010182881	0.761904761904762	LUNG
NCIH2122_LUNG_TenPx18	0.014910726	0.761904761904762	LUNG
NCIH2126_LUNG_TenPx17	0.012453303	0.476190476190476	LUNG
NCIH2170_LUNG_TenPx12	0.015420901	0.476190476190476	LUNG
NCIH2172_LUNG_TenPx21	0.00644303	0.380952380952381	LUNG
NCIH2228_LUNG_TenPx17	0.014076836	0.380952380952381	LUNG
NCIH226_LUNG_TenPx34	0.00710482	0.690476190476191	LUNG
NCIH2286_LUNG_TenPx19	0.013700939	0.19047619047619	LUNG
NCIH2291_LUNG_TenPx16	0.018204437	0.476190476190476	LUNG
NCIH23_LUNG_TenPx20	0.012672066	0.476190476190476	LUNG
NCIH292_LUNG_TenPx36	0.005641748	0.690476190476191	LUNG
NCIH3255_LUNG_TenPx13	0.008678503	0.619047619047619	LUNG
NCIH358_LUNG_TenPx06	0.012482607	0.642857142857143	LUNG
NCIH441_LUNG_TenPx15	0.013021661	0.785714285714286	LUNG
NCIH446_LUNG_TenPx38	0.013724088	0.404761904761905	LUNG
NCIH460_LUNG_TenPx22	0.009196262	0.690476190476191	LUNG
NCIH520_LUNG_TenPx10	0.009620129	0.761904761904762	LUNG
NCIH522_LUNG_TenPx22	0.007605653	0.547619047619048	LUNG
NCIH647_LUNG_TenPx35	0.012308623	0.404761904761905	LUNG
NCIH650_LUNG_TenPx30	0.022043836	0.690476190476191	LUNG
NCIH661_LUNG_TenPx17	0.010271776	0.428571428571429	LUNG
NCIH716_LARGE_INTESTINE_TenPx36	0.020454744	0.714285714285714	LARGE_INTESTINE
NCIH747_LARGE_INTESTINE_TenPx16	0.009145317	0.357142857142857	LARGE_INTESTINE
NCIH838_LUNG_TenPx16	0.010915255	0.476190476190476	LUNG
NCIH929_HAEMATOPOIETIC_AND_LYMPHOID_TISSUE_TenPx42	0.014888677	0.261904761904762	HAEMATOPOIETIC
NIHOVCAR3_OVARY_TenPx33	0.006493771	0.571428571428572	OVARY
NUDHL1_HAEMATOPOIETIC_AND_LYMPHOID_TISSUE_TenPx36	0.017314518	0.619047619047619	HAEMATOPOIETIC
OCIAML5_HAEMATOPOIETIC_AND_LYMPHOID_TISSUE_TenPx29	0.022615425	0.19047619047619	HAEMATOPOIETIC
OCILY3_HAEMATOPOIETIC_AND_LYMPHOID_TISSUE_TenPx36	0.016392048	0.214285714285714	HAEMATOPOIETIC
OPM2_HAEMATOPOIETIC_AND_LYMPHOID_TISSUE_TenPx26	0.016281621	0.452380952380952	HAEMATOPOIETIC
OV56_OVARY_TenPx35	0.012406639	0.738095238095238	OVARY
OV90_OVARY_TenPx32	0.012191484	0.333333333333333	OVARY
OVCAR4_OVARY_TenPx11	0.013207442	0.80952380952381	OVARY
OVCAR8_OVARY_TenPx24	0.015851116	0.523809523809524	OVARY
OVSAHO_OVARY_TenPx40	0.006418259	0.833333333333333	OVARY
PANC0203_PANCREAS_TenPx42	0.00599404	0.690476190476191	PANCREAS
PANC0403_PANCREAS_TenPx40	0.007958457	0.738095238095238	PANCREAS
PANC1_PANCREAS_TenPx37	0.00747507	0.547619047619048	PANCREAS
PATU8988T_PANCREAS_TenPx03	0.013207956	0.476190476190476	PANCREAS
PC14_LUNG_TenPx05	0.011945089	0.5	LUNG
PL45_PANCREAS_TenPx26	0.009730489	0.142857142857143	PANCREAS
QGP1_PANCREAS_TenPx11	0.015411381	0.714285714285714	PANCREAS
RCHACV_HAEMATOPOIETIC_AND_LYMPHOID_TISSUE_TenPx42	0.021640261	0.357142857142857	HAEMATOPOIETIC
REC1_HAEMATOPOIETIC_AND_LYMPHOID_TISSUE_TenPx34	0.018621649	0.238095238095238	HAEMATOPOIETIC
REH_HAEMATOPOIETIC_AND_LYMPHOID_TISSUE_TenPx30	0.014175749	0.5	HAEMATOPOIETIC
RERFLCMS_LUNG_TenPx01	0.013333944	0.476190476190476	LUNG
RERFLCSQ1_LUNG_TenPx16	0.009484853	0.690476190476191	LUNG
RKO_LARGE_INTESTINE_TenPx04	0.014882971	0.5	LARGE_INTESTINE
RL_HAEMATOPOIETIC_AND_LYMPHOID_TISSUE_TenPx40	0.021330509	0.571428571428572	HAEMATOPOIETIC
RMUGS_OVARY_TenPx31	0.011934402	0.476190476190476	OVARY
RPMI7951_SKIN_TenPx01	0.02229433	0.642857142857143	SKIN
RPMI8226_HAEMATOPOIETIC_AND_LYMPHOID_TISSUE_TenPx35	0.01496499	0.476190476190476	HAEMATOPOIETIC
RVH421_SKIN_TenPx05	0.020081981	0.547619047619048	SKIN
SBC5_LUNG_TenPx13	0.006355436	0.761904761904762	LUNG
SEM_HAEMATOPOIETIC_AND_LYMPHOID_TISSUE_TenPx25	0.012884405	0.642857142857143	HAEMATOPOIETIC
SH4_SKIN_TenPx01	0.021043723	0.690476190476191	SKIN
SHP77_LUNG_TenPx25	0.011326751	0.19047619047619	LUNG
SKCO1_LARGE_INTESTINE_TenPx26	0.007801113	0.547619047619048	LARGE_INTESTINE
SKLU1_LUNG_TenPx42	0.009876011	0.547619047619048	LUNG
SKMEL2_SKIN_TenPx05	0.018023636	0.761904761904762	SKIN
SKMEL28_SKIN_TenPx06	0.014217266	0.642857142857143	SKIN
SKMEL3_SKIN_TenPx04	0.011717268	0.5	SKIN
SKMEL30_SKIN_TenPx22	0.01462495	0.785714285714286	SKIN
SKMEL5_SKIN_TenPx23	0.012643015	0.428571428571429	SKIN
SNU119_OVARY_TenPx13	0.007062645	0.547619047619048	OVARY
SNU61_LARGE_INTESTINE_TenPx12	0.005732744	0.690476190476191	LARGE_INTESTINE
SNUC1_LARGE_INTESTINE_TenPx19	0.015960917	0.214285714285714	LARGE_INTESTINE
SNUC2A_LARGE_INTESTINE_TenPx17	0.020828535	0.285714285714286	LARGE_INTESTINE
SNUC5_LARGE_INTESTINE_TenPx40	0.007530515	0.80952380952381	LARGE_INTESTINE
SQ1_LUNG_TenPx14	0.008599778	0.785714285714286	LUNG
SU8686_PANCREAS_TenPx12	0.005408054	0.595238095238095	PANCREAS
SUDHL4_HAEMATOPOIETIC_AND_LYMPHOID_TISSUE_TenPx26	0.01512881	0.404761904761905	HAEMATOPOIETIC
SUDHL6_HAEMATOPOIETIC_AND_LYMPHOID_TISSUE_TenPx40	0.016832559	0.476190476190476	HAEMATOPOIETIC
SUIT2_PANCREAS_TenPx30	0.013824643	0.80952380952381	PANCREAS
SW1271_LUNG_TenPx34	0.011382628	0.547619047619048	LUNG
SW1417_LARGE_INTESTINE_TenPx15	0.00848463	0.690476190476191	LARGE_INTESTINE
SW1573_LUNG_TenPx33	0.009437441	0.761904761904762	LUNG
SW1990_PANCREAS_TenPx22	0.013593601	0.333333333333333	PANCREAS
SW403_LARGE_INTESTINE_TenPx07	0.00982062	0.30952380952381	LARGE_INTESTINE
SW48_LARGE_INTESTINE_TenPx07	0.011103973	0.595238095238095	LARGE_INTESTINE
SW480_LARGE_INTESTINE_TenPx10	0.007013922	0.80952380952381	LARGE_INTESTINE
SW620_LARGE_INTESTINE_TenPx03	0.015909976	0.476190476190476	LARGE_INTESTINE
SW837_LARGE_INTESTINE_TenPx35	0.007804551	0.690476190476191	LARGE_INTESTINE
SW948_LARGE_INTESTINE_TenPx11	0.013073774	0.476190476190476	LARGE_INTESTINE
SW948_LARGE_INTESTINE_TenPx20	0.008490489	0.357142857142857	LARGE_INTESTINE
T47D_BREAST_TenPx09	0.01009736	0.785714285714286	BREAST
TCCPAN2_PANCREAS_TenPx09	0.016227302	0.404761904761905	PANCREAS
TF1_HAEMATOPOIETIC_AND_LYMPHOID_TISSUE_TenPx37	0.013361721	0.428571428571429	HAEMATOPOIETIC
THP1_HAEMATOPOIETIC_AND_LYMPHOID_TISSUE_TenPx24	0.014352939	0.19047619047619	HAEMATOPOIETIC
TYKNU_OVARY_TenPx08	0.01389146	0.547619047619048	OVARY
U937_HAEMATOPOIETIC_AND_LYMPHOID_TISSUE_TenPx31	0.017567798	0.142857142857143	HAEMATOPOIETIC
UACC257_SKIN_TenPx11	0.015363192	0.476190476190476	SKIN
UACC62_SKIN_TenPx21	0.017676469	0.476190476190476	SKIN
WM115_SKIN_TenPx29	0.017390413	0.428571428571429	SKIN
WM1799_SKIN_TenPx08	0.018618829	0.690476190476191	SKIN
WM2664_SKIN_TenPx02	0.02452629	0.404761904761905	SKIN
WM793_SKIN_TenPx18	0.010871589	0.785714285714286	SKIN
WM88_SKIN_TenPx32	0.016492391	0.547619047619048	SKIN
ZR751_BREAST_TenPx10	0.025442934	0.476190476190476	BREAST
