Sample	Glyco_Genes_Sum	Corr	type	Description
Lib-06	0.021132234	0.679286092	Carbon source	Acetate
Lib-24	0.030221345	0.690271183	Carbon source	Mannitol
Lib-25	0.026547871	0.717764453	Carbon source	Melibiose
Lib-26	0.0428635	0.677592042	Carbon source	G6P + gluconate
Lib-27	0.021549792	0.684849756	Carbon source	Galactose
Lib-28	0.021985747	0.67112245	Carbon source	Xylose + oxaloacetate
Lib-29	0.026354418	0.673441918	Carbon source	Glycerol + succinate
Lib-30	0.043961794	0.660040617	Carbon source	Arabinose
C2	0.036857715	0.669108524	C-limitation	
C3	0.032260893	0.687056702	C-limitation	400 µM 3MBA
C4	0.028484846	0.687761878	C-limitation	100 µM 3MBA
C5	0.025172866	0.686170223	C-limitation	
C6	0.023999715	0.684315382	C-limitation	400 µM 3MBA
C7	0.023460552	0.681940337	C-limitation	40 µM 3MBA
C8	0.029330219	0.683448205	C-limitation	100 µM 3MBA
D6	0.025306015	0.693525543	C-limitation	
D7	0.023540847	0.686944197	C-limitation	40 µM 3MBA
D8	0.02491968	0.689422716	C-limitation	400 µM 3MBA
F4	0.032549999	0.68245345	C-limitation	400 µM 3MBA
F5	0.028043814	0.688223854	C-limitation	100 µM 3MBA
F6	0.022959674	0.686681929	C-limitation	
F7	0.024295391	0.687634155	C-limitation	400 µM 3MBA
F8	0.022443704	0.683536408	C-limitation	40 µM 3MBA
D1	0.053594536	0.685832757	A-limitation	20 µM IPTG
D2	0.048596876	0.692816119	A-limitation	30 µM IPTG
D3	0.045123216	0.692589296	A-limitation	40 µM IPTG
D4	0.042430213	0.695025954	A-limitation	50 µM IPTG
D5	0.038083475	0.67312446	A-limitation	100 µM IPTG
F2	0.038760023	0.659828811	A-limitation	100 µM IPTG
F3	0.037733876	0.665540677	A-limitation	100 µM IPTG
A2	0.035322178	0.673144551	R-limitation	
H1	0.034611678	0.679650258	R-limitation	
H5	0.034026737	0.679990654	R-limitation	
E1	0.031640987	0.684350201	R-limitation	2 µg chloramphenicol
E2	0.027187097	0.699636066	R-limitation	4 µg chloramphenicol
E3	0.024473749	0.715073521	R-limitation	6 µg chloramphenicol
E4	0.022606963	0.722301967	R-limitation	8 µg chloramphenicol
