Sample ID,correlation,species
A1-1,0.558419084,E.coli
A1-2,0.552538859,E.coli
A1-3,0.554091521,E.coli
C1,0.548631048,E.coli
F1-1,0.557119943,E.coli
F1-2,0.553704642,E.coli
F1-3,0.551895849,E.coli
C2,0.554857888,E.coli
C3,0.57933055,E.coli
C4,0.582905182,E.coli
C5,0.581533016,E.coli
C6,0.580094731,E.coli
C7,0.584249923,E.coli
C8,0.581378022,E.coli
D6,0.591165777,E.coli
D7,0.591607184,E.coli
D8,0.588982443,E.coli
F4,0.574043741,E.coli
F5,0.583094466,E.coli
F6,0.582125526,E.coli
F7,0.586468117,E.coli
F8,0.589837267,E.coli
D1,0.566079294,E.coli
D2,0.574689718,E.coli
D3,0.577692391,E.coli
D4,0.579529616,E.coli
D5,0.562486122,E.coli
F2,0.551026134,E.coli
F3,0.554787648,E.coli
A2,0.560867265,E.coli
H1,0.568159101,E.coli
H5,0.564744938,E.coli
E1,0.566430609,E.coli
E2,0.571889683,E.coli
E3,0.585995757,E.coli
E4,0.584843473,E.coli
Lib-01,0.603998104,E.coli
Lib-02,0.599642474,E.coli
Lib-03,0.607822882,E.coli
Lib-04,0.619455428,E.coli
Lib-05,0.592191495,E.coli
Lib-06,0.614912021,E.coli
Lib-07,0.599376805,E.coli
Lib-08,0.58429115,E.coli
Lib-09,0.564574857,E.coli
Lib-10,0.632597327,E.coli
Lib-11,0.564389916,E.coli
Lib-12,0.589420309,E.coli
Lib-13,0.605565658,E.coli
Lib-14,0.605262497,E.coli
Lib-15,0.59173384,E.coli
Lib-16,0.628876872,E.coli
Lib-17,0.571969045,E.coli
Lib-18,0.599730828,E.coli
Lib-19,0.603062426,E.coli
Lib-20,0.57130712,E.coli
Lib-21,0.59892324,E.coli
Lib-22,0.597293366,E.coli
Lib-23,0.605115765,E.coli
Lib-24,0.583744509,E.coli
Lib-25,0.607801749,E.coli
Lib-26,0.565908369,E.coli
Lib-27,0.593459705,E.coli
Lib-28,0.598229947,E.coli
Lib-29,0.5925906,E.coli
Lib-30,0.556091062,E.coli
LU,0.320827988,S.cerevisiae
PENG,0.388217494,S.cerevisiae
KUL,0.204792753,S.cerevisiae
LEE2,0.761748002,S.cerevisiae
THAK,0.598588086,S.cerevisiae
NAG,0.643549757,S.cerevisiae
PIC,0.537817459,S.cerevisiae
WEB,0.669541661,S.cerevisiae
TKA,0.352398204,S.cerevisiae
BRE,0.353224261,S.cerevisiae
DEN,0.22596657,S.cerevisiae
CHO,0.412185951,S.cerevisiae
NEW,0.465410228,S.cerevisiae
LEE,0.476822345,S.cerevisiae
DAV,0.300047219,S.cerevisiae
GHA,0.158325474,S.cerevisiae
