type	rho	p	species
breast cell line	-0.610542373	0.000264796462473296	H.sapiens
haematopoietic cell line	-0.182934796	0.264980447613674	H.sapiens
large intestine cell line	-0.38444099	0.0298203575478968	H.sapiens
lung cell line	-0.397355017	0.000345873022909549	H.sapiens
ovary cell line	-0.378846368	0.133717263960202	H.sapiens
pancreas cell line	-0.134891076	0.570707247867171	H.sapiens
skin cell line	-0.293960272	0.0968183586535732	H.sapiens
BRCA tumor	-0.317844218	1.15768109392997e-27	H.sapiens
COAD tumor	-0.120812731	0.0394377273718298	H.sapiens
HNSC tumor	-0.219733599	3.97008359728076e-07	H.sapiens
KIRC tumor	0.0429329619974934	0.318439328628703	H.sapiens
LUAD tumor	-0.271219095	1.41360874015008e-10	H.sapiens
LUSC tumor	-0.213254097	1.42342033741562e-06	H.sapiens
PRAD tumor	-0.147801313	0.000895203074700271	H.sapiens
THCA tumor	0.168129014363259	0.000130232737488735	H.sapiens
A-limitation	0.571428571428571	0.2	E.coli
C-limitation	-0.053571429	0.852509376815679	E.coli
R-limitation	-1	0.000396825396825397	E.coli
	-0.8823529	2.22044604925031e-16	S.cerevisiae
