"prot_avg"	"tran_avg"
"1"	57.3540033678408	10.5384769584402
"2"	4.41150112738254	8.99105027213122
"3"	42.4328743677345	8.39489726190956
"4"	286.281170505156	57.5470572048524
"5"	85.0678673291313	15.6315802800909
"6"	0.320156331197837	10.2624807547074
"7"	201.405683792702	20.4557996101697
"8"	58.3657435203034	10.0396108544664
"9"	67.3128376235751	19.6480250075476
"10"	2.04784426336951	18.6125759947342
"11"	3.51474951440769	53.0138320795987
"12"	0.0646208373730064	3.38085593127283
"13"	0.0498072359393542	3.88493647233461
"14"	16.3322101874103	7.91598780280696
"15"	4.77998934502406	0.90989185198837
"16"	21.2382086332745	0.577725032846636
"17"	8.09469979360492	4.44477317200119
"18"	18.1624986151543	32.3779740754968
"19"	37.8847788425672	40.6694646280022
"20"	7.14014551268891	27.6727592659213
"21"	1.20067587666634	1.43733910115414
"22"	41.3487494378098	18.2747169675577
"23"	138.321916172344	34.1097301873507
"24"	8.63803781181527	5.70500145105313
"25"	84.6098939816381	73.994935971776
"26"	10.3386089880117	14.3645839076447
"27"	28.3076046146566	12.0705213069513
"28"	12.3851939309836	55.0244650517608
"29"	11.5170658384374	9.6662993808335
"30"	229.723004337907	22.9118405272104
"31"	409.482877516984	45.3460520840568
"32"	54.6797284012384	29.2789171040808
"33"	7.8365389845582	8.01229198002674
"34"	40.1363833164912	11.4372279174973
"35"	25.0092719854664	0.412457846814134
"36"	68.3356536644919	20.4720472631354
"37"	141.753908311849	32.1719194967375
"38"	1.60878755800101	8.82802819948535
"39"	357.81870972783	36.1179266926699
"40"	137.517171369142	39.1880850854804
"41"	156.310983610702	36.6793798695589
"42"	278.712495076411	191.396880105926
"43"	361.136548886194	28.7338631905812
"44"	94.9612965013987	28.8260202621817
"45"	3.57592482770748	10.7883650704698
"46"	2.47266916001736	1.77288976446175
"47"	0.312210910001735	5.2582925239165
"48"	308.313251715042	147.998568926729
"49"	139.124764934506	32.4530606882303
"50"	322.216747591974	27.1390056667003
"51"	2.97802326812375	7.94424953430352
"52"	14.0366987265169	2.99240109468936
"53"	292.020955558429	16.578450237747
"54"	152.014404428308	23.626613474425
"55"	8.05168220044238	9.68116993918863
"56"	249.567677250685	40.8084620751559
"57"	79.1730199750734	13.6254403645002
"58"	104.701493498693	35.3436977211946
"59"	0.844288864107151	15.1496078543659
"60"	35.3804440773384	22.522384426877
"61"	310.419642218372	68.7451915585505
"62"	82.2586078006922	52.1364869945738
"66"	24.6601903687928	513.426154347944
"63"	8.60811999300751	86.3540095983298
"64"	56.5394162925195	6.60300169219346
"67"	0.170565978871065	0.268048576479272
"68"	103.572726043321	24.2808846192917
"69"	72.0717120354657	5.42389978723361
"70"	132.564073605095	89.2979317169573
"71"	197.0808787323	69.4222252582022
"72"	147.00151202074	34.7163848946385
"73"	78.6048563435087	51.7589888889756
"74"	6.88859943087528	0.506266688075026
"75"	0.156742916441161	8.21311728827171
"76"	34.6835105843062	6.01218151648512
"77"	40.626875717535	28.2814559462267
"78"	40.5517997524542	39.3091614784289
"79"	28.4011225826801	4.1445083555693
"80"	13.6804942922721	40.7079362758667
"81"	5.773726373384	39.385916744095
"82"	2.85597363986138	7.93353791878562
"83"	144.870250794987	0.350550695890774
"84"	4.30379829053124	15.8830129137603
"85"	203.400969388319	11.7387607624788
"86"	169.379671150358	7.04207612055335
"87"	160.114218107163	12.7182294863588
"88"	0.724083870274837	0.420769927980951
"89"	5.14459962199441	16.6397919156535
"90"	6.15670781300188	8.3809199972143
"91"	2.91247083105093	21.1560928330872
"92"	1.08427117576332	4.75423501188889
"93"	4.15047377184647	16.2681225609191
"94"	24.7236789740331	30.5098668336864
"95"	0.819191517013877	0.550883328299671
"96"	359.716995852598	94.84516595783
"97"	5.05345200233353	1.86341229913058
"98"	9.42436443137631	23.7763308184757
"99"	191.074415905234	65.3104433243113
"100"	245.222214869068	31.3542916512816
"101"	125.368902512084	25.6994856086482
"102"	58.9291785474383	35.4676612007895
"103"	7.36788337219473	11.3115256286397
"105"	100.740377017141	1.64532457263453
"107"	36.0927780858855	10.86735407231
"106"	121.158587351745	63.7599536040676
"108"	4.07665887246947	27.4292669843949
"109"	84.359115679936	36.7025113534831
"110"	52.2090971612347	21.6208471169624
"111"	70.4501146670756	12.6726285250736
"112"	58.987328528065	145.710120970527
"113"	71.2042866650128	32.101421641643
"114"	14.1668645012831	2.66697295199451
"115"	71.3289865455747	18.8668503332071
"118"	168.836487101025	21.6137863595409
"119"	11.8880891585361	42.3450175903985
"120"	4.47622567566333	0.66551274018268
"121"	490.888591471027	169.435461717322
"122"	79.8751451175049	117.572333745267
"123"	139.43159198467	32.0433787739751
"125"	276.856869578785	9.41647571336591
"126"	915.031878603224	45.9408252766901
"127"	629.873262374119	58.7895446992449
"128"	21.8967406147395	3.91293435199298
"129"	318.678622301688	144.336891769514
"130"	352.49867806527	84.3192541926349
"131"	179.283679264021	146.742651652312
"132"	79.0308037939201	6.12783800901388
"133"	109.590139403846	50.0515750112551
"134"	23.7550202750345	65.0363274556259
"135"	2.5320690398442	0.674200743687472
"136"	22.7327832734987	0.261487780866404
"137"	134.643489845515	93.1754464755774
"138"	22.203291069475	34.889134307497
"139"	44.4413340146315	38.8967681650536
"140"	64.5050429921984	32.2881675371301
"141"	72.384366872245	41.5703463744454
"142"	51.9125320787872	75.3965075935213
"143"	346.77092775342	37.0497616981383
"144"	223.354290839892	105.388679970489
"145"	322.584820675701	200.199827046617
"146"	88.7256924797464	3.70662800381587
"147"	189.080203361808	25.6998007995946
"148"	233.670475825372	56.241903964404
"149"	6.60973335172654	5.05446291439585
"150"	97.0896546997093	4.93514467056778
"151"	292.922070825035	45.8759832714646
"152"	127.657261182203	57.2418959484344
"153"	164.807621585587	34.1063325169885
"154"	31.1996257674499	20.3338098998609
"155"	189.937199371197	52.0489239948972
"156"	111.218265145986	15.595621588109
"157"	251.450044363713	26.6695085929128
"158"	303.124689256479	15.0964758810702
"159"	268.635189900485	117.673501868726
"160"	1252.91841129777	14.2758887407875
"161"	3.55132198911146	58.8551831207082
"162"	180.442234170388	32.3308761843298
"163"	70.5798496304965	12.5309874580792
"164"	8.60337913223676	3.38462018929956
"165"	24.3951376526326	1.80245275062824
"166"	9.65057639145722	8.9762795323772
"167"	18.857923110159	12.2231652684543
"168"	7.90692117335137	4.27679296523427
"169"	153.281387170867	50.2712098629081
"170"	16.5863601001777	58.0228050024494
"171"	110.604690684856	50.2377373342782
"172"	17.8987924545259	10.4270732914827
"173"	19.7537141156694	42.1856880861052
"174"	30.0168825644624	3.15317839770007
"175"	1.37355574963241	0.704375010029528
"176"	0.744227123720256	6.69160900577817
"181"	3.40335412471984	1.01259370883844
"177"	0.905540087875416	1.91680670097764
"179"	29.4271264577865	53.7662573467677
"180"	75.2594033044311	0.797302459602076
"182"	42.9254092346494	3.90650138006205
"183"	2.41892775356471	51.5009268344168
"184"	2.07059294171338	2.21499575626249
"185"	38.1537612257139	9.124991521694
"186"	23.6188901197697	78.53789771646
"187"	3.67985393618072	1.22853133251157
"188"	78.7059379112955	13.8993979601159
"189"	7.27442871529559	10.5535338260295
"190"	5.99605725541738	0.139041654738356
"191"	0.739745709413657	0.0113636744043661
"192"	25.2802206964118	55.5262980546618
"193"	7.12853989718278	156.927110164806
"194"	111.16171897024	115.214095844676
"195"	338.795422763754	39.2252473330041
"196"	0.554995382611835	12.1926048552325
"197"	4.03886872922513	58.5334876016251
"198"	0.0334044451782425	13.9358729438802
"199"	23.8342227035668	7.74532664952195
"200"	9.06206334404944	3.73904266597409
"201"	9.48486854635382	1.12478384576087
"202"	37.282246930946	69.4364084352229
"203"	13.673963657235	4.06733145800584
"204"	128.526854719757	459.950335667945
"205"	268.166830087138	184.609639031282
"206"	1.0599123885548	239.651587966371
"207"	11.0358141298011	286.315075708189
"208"	2.83889661240325	31.8273603003517
"209"	17.5031461124924	73.782934453252
"210"	332.452613864417	170.246914068764
"211"	1.68767508075191	1.04435072908354
"212"	65.5677291665179	27.7218124338084
"213"	35.5896065857036	41.8091141438536
"214"	287.848941686057	8.91246546301959
"215"	2.12712853739025	2.31540080483045
"216"	55.2875662478902	0.0120214660159608
"217"	227.830298546745	70.4854714248917
"218"	2.90340531528393	26.1533258635052
"219"	72.1488620614459	11.7469411582543
"220"	191.950535271975	0.576322988018137
"221"	0.691023963343807	4.94143036975302
"222"	236.149572243348	41.4951211552448
"223"	56.8137720841379	8.34729454411732
"224"	216.606793335184	189.294488187293
"225"	47.3914149178024	22.9140370235783
"227"	357.963582514341	83.8114346677577
"228"	22.973988717147	7.6060740397658
"229"	1.2058258798566	2.69192200101414
"230"	16.4548233429862	34.867276742321
"231"	29.17967306383	12.4351290552593
"232"	203.210883185796	157.884805478584
"233"	0.871687850175729	6.5438934085428
"234"	83.6325727092917	0.189255580869907
"235"	25.116746155203	0.785130508529296
"236"	243.748542118804	449.11894361278
"237"	297.134133250133	217.993810124592
"238"	105.026855284473	22.724078044874
"239"	0.539195927030239	3.00216495822126
"240"	0.23682312433793	0.115324249239916
"241"	838.307057805323	139.875418142725
"242"	720.637246811551	928.324737565992
"243"	421.025412215956	233.05870944246
"244"	177.458985121561	94.3704457463118
"245"	228.647051306149	138.470075976344
"247"	102.716297246618	215.723517590294
"249"	626.195385309019	49.9808072214915
"251"	416.159566993876	23.9259264718473
"246"	357.219038006714	143.806916631097
"248"	713.928634849472	90.1319195055843
"250"	411.749304369387	83.2364288169364
"252"	372.286844500834	27.4136975018852
"254"	61.5789764591845	24.4279946052378
"255"	27.6321316558318	4.81030487532802
"256"	0.858928447976906	8.49527689432692
"257"	38.8595901277033	4.48798874644099
"258"	116.017635875325	46.0190332683592
"259"	1.04948107634822	5.44789332695826
"260"	233.365769354588	77.8416236137866
"261"	63.1177957499966	0.419746160052744
"262"	116.822610088066	49.7460267446119
"263"	223.114277854852	47.8505200478858
"264"	2.6756315895544	4.47232462299918
"265"	122.500745539524	55.9847063790736
"266"	320.975471363347	131.217515357811
"267"	195.258631822004	260.933908855096
"268"	111.461014501009	144.601167057094
"269"	113.415829454258	42.7167608482908
"270"	4.56165617630034	16.0231551949115
"271"	8.85333305726225	40.0367648111783
"272"	0.422459732154323	19.9563472276548
"273"	126.055297565846	4.77437264013937
"274"	77.8329317573909	28.6381328318978
"275"	43.8678599664463	25.1138067307928
"124"	178.253593012217	22.4694192354996
"276"	24.6238893857095	39.9533414039729
"277"	1.26878144045304	10.7974718964761
"278"	3.72791793808228	7.39526043864318
"279"	5.36193887073923	3.1536359677331
"280"	27.1131430383626	34.6237646223067
"282"	76.1392109571016	62.4758425901352
"281"	40.7709478508866	11.2582485559385
"284"	20.1883045889846	51.0780139165998
"285"	9.73324067073409	35.530866749568
"286"	0.502204836393298	7.24722459400164
"287"	1.22975832441832	20.7456877753386
"288"	1.8778114633253	21.6476023645045
"289"	6.39822147010218	3.0594042902487
"290"	2.47653714507447	2.77839814886287
"291"	0.940083680276721	21.3044060657343
"292"	0.0620719786028652	14.7198456123212
"293"	53.8705309769258	180.933193015712
"294"	0.748431712801897	37.8379484494506
"295"	20.6078592953086	50.142756413396
"296"	32.3792184654162	16.8402957604508
"297"	6.87543404811264	77.224870847236
"298"	0.762185466346904	4.3596635181421
"299"	38.5828556544164	21.6897612498088
"283"	21.5178370949157	53.4203811053519
"300"	18.5834717957257	6.02221602150244
"301"	0.383726135902433	33.7331307739489
"302"	828.822805882056	303.694273667493
"303"	89.6148094824803	10.9319809111732
"304"	162.03654327886	33.1944192712071
"305"	12.8768751510561	6.45133737021766
"306"	149.083263123676	0.633766082799677
"307"	105.595482206174	18.4725094330199
"308"	32.862820957556	57.4319549805666
"309"	22.7869175798356	27.9565455585349
"310"	72.9972678421165	15.4050843242488
"311"	20.0950146319246	14.5685638574107
"312"	12.3317900722756	27.1149397280555
"313"	0.897983337447338	33.8201504232122
"314"	18.4202923374809	21.5133198039098
"315"	165.392991013079	100.754027195497
"316"	344.792947974631	151.82736291338
"317"	1.86193316614658	26.1143882349264
"318"	25.4457146148281	4.19001168160039
"319"	6.50237777126422	12.7121774461634
"320"	7.47871136862188	33.9367660556634
"321"	0.164191656276053	2.43890806515399
"322"	49.9745091119363	39.9232905680819
"323"	226.561414279699	44.2311472520417
"324"	26.5638326388837	5.5840137531989
"325"	63.5821125843747	21.3322976756749
"326"	18.6238417070546	15.0019375666894
"327"	1.2211652925185	3.72791819890548
"328"	1.26365650354641	1.08449012957198
"329"	6.69693620243905	1.58152399645474
"330"	222.017012329519	550.053498564751
"331"	30.5784350016632	8.09209357464271
"332"	24.4989217921162	6.40336247699104
"333"	8.93918456535998	12.0364399014997
"334"	32.4579932279462	10.5120257809859
"335"	51.6201783926867	14.8915116384755
"336"	143.713005239621	7.25300623743927
"337"	34.3994310104615	137.898928106164
"338"	39.3331799825333	5.74393230182215
"339"	4.024487136102	1.62512066003759
"340"	179.344898161759	116.855005791786
"341"	8.6104357502218	9.32723997403556
"342"	2.71527312426024	12.6202030648128
"343"	0.482704109180244	0.176200545578345
"344"	23.368054833553	4.06297429119107
"345"	30.1523614414173	4.839816902297
"346"	13.279307468604	77.4770379096648
"347"	21.6243107878468	2.44998320974574
"348"	43.4442343685341	15.0061451704709
"349"	52.4443125000005	5.08103730035205
"350"	105.61586777763	26.0262714131178
"351"	44.3665885189962	18.3669920522322
"352"	19.5494435408474	1.33131136077294
"353"	8.77367136383722	7.27903922661456
"354"	30.5622450676187	47.9745909163336
"355"	135.324255255347	118.456200768753
"357"	87.7271979656645	35.3065386459078
"358"	165.902035742648	15.1991655680143
"359"	77.0928447600526	14.9027648614474
"360"	95.7937268846205	10.9559869851402
"361"	270.83556270473	123.438654662897
"362"	32.7564281347315	12.1750320450489
"363"	30.1218982103589	9.99577178610313
"364"	55.1344252281589	22.6561536846248
"365"	417.020918173218	99.8333280281665
"366"	133.58138850873	10.8635362908479
"367"	106.399363483801	17.7531120853146
"368"	100.896953765275	0.646693157467795
"369"	499.524232012328	95.7083665227677
"514"	95.6551941472371	420.433851211448
"372"	17.5851638617759	27.8073445329379
"373"	57.6946731743311	8.74804847964489
"374"	90.178256476071	40.8622146278378
"375"	9.00936356380735	69.5213417171652
"376"	26.4929890017562	4.50213241995587
"377"	53.6524103692095	81.516075810578
"378"	34.586757738606	17.4882893933806
"379"	54.6317615471952	47.4382964261094
"380"	4.86704177155795	21.6153085231272
"381"	10.809549903273	9.17256692370467
"382"	47.3815262994233	104.849723207378
"383"	229.232231518818	31.1103409462203
"384"	7.789862743419	24.9564163874027
"385"	132.919902297574	0.902719500719056
"386"	16.1131618758518	28.8241091084507
"387"	51.8695642894641	21.7842004628681
"388"	43.1096612810813	9.01686416466892
"389"	2.87837006459001	16.3050690573254
"390"	38.0739510611757	59.3230883655732
"391"	26.9525543778148	19.9320705828408
"392"	4.83780227066912	30.4951452422878
"393"	24.9188253723982	23.1412131772786
"394"	161.624850886756	22.8430819096924
"395"	93.1010695938617	66.0180589349472
"396"	115.101503009248	25.9168317622299
"397"	79.5908898798628	15.2472705365062
"398"	66.4102621145826	34.2885301288925
"399"	24.1558416774464	15.5101491929457
"400"	58.4128889731877	68.568310463878
"401"	6.15619861811085	4.20126497933773
"402"	5.22621128527147	17.1958681370889
"403"	4.97267928840341	10.7448819675851
"404"	6.01935707884715	40.3414503432256
"405"	45.3857035951563	23.763500464873
"406"	1.20052201181752	12.7852074880096
"407"	20.7538010643919	10.0112797957172
"408"	4.32386344419896	36.7826976661318
"409"	1.96982717195147	35.5203901272063
"410"	12.0758588484494	0.710830818535003
"411"	47.3019073917918	87.9126072331374
"412"	8.62522510378855	64.3001239891972
"413"	15.9792159531796	22.2165420657184
"414"	31.0995730170549	24.7762287786625
"462"	95.6243216478109	14.2399648006019
"415"	29.3658969787563	49.7473944292363
"416"	3.50542662020947	10.0069251791469
"417"	0.371767618319051	5.53846326527978
"418"	4.04701900872751	11.9843042592494
"419"	54.7636125966642	14.5452278964754
"420"	45.3629322737285	10.3232810355622
"421"	7.1616904299989	5.29146550606233
"422"	7.02911685734215	119.638639960299
"423"	6.61605130295843	18.4939352630743
"424"	13.5838735654488	0.588332200300772
"425"	153.345347121147	1.31978249265972
"426"	11.4714975715848	156.412356086419
"427"	11.3794846622558	55.6440386419972
"428"	3.37566712771769	32.5055304712855
"429"	1.24492440146937	12.3689458874978
"430"	6.10151217089611	18.105501419782
"431"	4.94148960975722	5.1584169154647
"432"	0.56749766034321	2.86945224627665
"433"	39.0915556287472	45.1939611213099
"434"	2.69193628011581	30.1420518619498
"435"	7.04345417806943	18.0239325921783
"436"	0.541151737344411	0.554926818169953
"437"	0.285242888053193	1.88222297801318
"438"	0.958611381974785	8.96906876364265
"439"	6.71953879629482	40.485589499462
"440"	2.90249559383942	6.05701821188971
"441"	42.0150714806066	14.3342681058696
"442"	74.2256629446811	17.2583760628634
"443"	284.741753392676	5.20344295994858
"444"	215.563654534225	278.799732676276
"445"	6.37883228052254	67.0822448621869
"446"	174.807819571291	5.81382417545641
"447"	60.2072824597847	6.97425297933104
"448"	45.4846593263022	52.6416667085396
"449"	5.14862191896993	37.7731664173257
"450"	17.4647456616998	8.20441654020402
"451"	4.76558676187627	9.38223566430102
"452"	4.50658151899716	14.2343745645638
"453"	108.120935928391	2.59928594133566
"454"	182.091362858947	81.4701482349385
"455"	377.936789125753	161.266219271412
"456"	41.5196126689998	12.0669653056121
"457"	62.2052942866328	37.7568617203768
"458"	274.852263999205	94.6014472103209
"459"	35.2070388460951	13.2544934968169
"460"	904.7589553732	52.0420874827794
"461"	38.5822851721649	72.2905611969831
"463"	193.373854665686	90.1369382522644
"464"	15.1613841690568	2.75081468871295
"465"	316.906685576512	49.3133547435037
"466"	35.2966718078579	22.8834057710226
"356"	9.45985748795715	42.0458580426895
"467"	214.412533463208	145.836688384109
"468"	191.476505931048	109.615039140131
"469"	234.203880970772	42.0351638076662
"470"	183.290489092893	98.3496965312968
"471"	174.999116868801	213.422992352436
"472"	80.2308768405417	29.9229031904914
"473"	81.7219455443658	19.446253160297
"474"	92.1071670712565	40.8601312962705
"475"	49.0841450200584	3.20339437109688
"476"	49.0517834209658	21.4335945312552
"477"	449.739652226675	188.045212795698
"478"	486.134381016082	212.189740445744
"479"	708.294273783862	219.637989247312
"480"	71.7329758341067	85.0837898007463
"481"	474.953980674788	379.194780465578
"482"	440.907323810856	205.943629495025
"483"	183.87259879234	163.98877443742
"484"	195.524262344136	62.4788219567129
"485"	205.766019253216	101.151179773324
"486"	367.442230737479	350.767077534172
"487"	18.2484182161178	59.6745936414859
"488"	212.907285764349	19.6334139104785
"489"	257.251547549986	10.1404689774465
"490"	111.832600556313	53.0119280988235
"491"	3.1744138057385	2.58585122912826
"492"	181.374924982672	4.8680700055954
"493"	100.372663089499	68.077189769436
"494"	29.1363101895081	27.5719751820543
"495"	24.7369262610218	22.9416081291103
"496"	382.44873202294	85.1353280532821
"497"	1.11946576867696	13.5765704339324
"498"	0.848886160088147	21.5078538286634
"499"	8.93913887723253	27.93210324391
"500"	116.671515042637	56.8318508477309
"501"	131.096567977351	40.5263054852013
"502"	10.3473678771255	43.3884614436061
"503"	50.6617393995367	34.2101794655129
"504"	9.55850608148592	10.1620259589611
"505"	3.4978416319532	56.8746979370939
"506"	49.9333691455199	23.3378731794701
"507"	172.275742337486	13.4638217147899
"508"	117.572784979331	10.6682352500673
"509"	68.2466240111841	33.3378940632024
"510"	44.9332290305309	16.6275793430559
"511"	18.4166265094646	117.178227825312
"512"	12.6756397743433	35.6693588596726
"513"	104.176426606965	14.5002476630284
"515"	175.893482416742	11.6463828173825
"516"	74.3657613104867	21.2299396949484
"517"	145.563802529636	49.4355752661044
"518"	298.770130348723	703.240760831711
"519"	150.481873547119	30.0000379940042
"520"	814.414692521506	292.399758347923
"521"	5.8711131314736	51.2289159163647
"522"	20.7435778866783	59.9953809991556
"523"	21.5645106766669	4.14405666105837
"524"	84.4511844203216	59.447274993034
"525"	7.88487540898527	42.3821796925445
"526"	65.5438257549642	70.7805148992496
"527"	8.31488872609175	67.568085467136
"528"	61.2727265016053	113.82038019186
"529"	49.9911545642675	14.3841147251199
"530"	0.786333789127147	14.3064893581269
"531"	133.106427458383	393.936973702263
"532"	0.1364846823017	15.0926929962535
"533"	85.1603357436198	19.3134653522699
"534"	192.984800004708	63.0083431650117
"535"	47.3669959194104	6.33245257654215
"536"	265.0291971009	143.066398521015
"537"	19.5252329823287	140.93631886172
"538"	192.282680566752	225.01936948861
"539"	7.48331332889754	15.8627792160638
"540"	1.42679980125574	2.01182598566309
"541"	0.757761885804252	1.71387796998588
"542"	0.550841701779166	0.523571489793448
"543"	12.4654925966854	44.9043443187475
"544"	5.33799773390434	18.8462013960036
"545"	52.1234012246151	60.8086063877005
"546"	0.948030396162913	29.5757451696449
"547"	45.455603162686	54.325862017383
"548"	6.14260091109058	7.51779091890642
"549"	1.01353108630768	0.586533507147325
"550"	1.13589847994566	5.41369406017584
"551"	1.21642434478833	0.132470173197748
"552"	42.4170282116813	19.6975898781152
"553"	21.4148959544847	2.92505114508355
"554"	5.13693001212752	7.37455641341965
"555"	3.2388977537779	10.3191484343582
"556"	0.183115185645957	4.6625322144774
"557"	0.623917144593737	11.2207509199131
"558"	4.4089662810356	34.3460293640082
"559"	108.030631462598	2.73318621638906
"560"	1.53790002431474	11.336464321938
"561"	97.7829154127275	537.831779272803
"562"	0.264466699019279	5.37788874420146
"563"	37.0881760222695	15.3142900586696
"565"	9.42115222759825	18.2935080202505
"566"	6.3031764992209	14.3214932864314
"567"	27.3769446957986	48.492347233078
"568"	412.504346452426	72.6315526371228
"569"	166.162364779305	16.1245496232476
"570"	241.562306454243	209.891110082634
"571"	227.299163814791	11.468580385257
"572"	131.067470175043	27.2292636327221
"573"	11.489019137191	5.95037867310681
"574"	2.99962209755973	5.28177839055495
"575"	26.8887883378116	0.309960670622449
"576"	172.55049640148	82.5417014007409
"577"	215.969299498267	73.6595954442222
"578"	257.165764438725	147.770055678905
"579"	273.933561842911	76.0938007254372
"580"	11.9903654477723	17.736380075612
"581"	6.50158622365751	6.29099260965283
"582"	153.078816960532	307.834887164304
"583"	14.5941393111959	13.8571585933223
"584"	404.175938640069	43.079527102582
"585"	16.543787550289	165.703773767949
"586"	116.881181139365	50.623099084762
"587"	7.75517832789028	31.6435070650751
"588"	43.3905814447397	13.7733028896019
"589"	2.19348413902083	0.184023779661713
"590"	2.25837681607726	18.278370868803
"591"	13.9501661256785	3.9001511967446
"592"	3.25023384752556	4.57415244896391
"593"	1.33813202094027	18.0954051165563
"594"	10.6834229591187	22.198312674041
"595"	37.30088755003	66.6593444727238
"596"	67.6440434519828	286.344133000896
"597"	73.2031713685963	72.5679806175708
"598"	143.964078395421	11.3623636246894
"599"	140.795105306907	6.34218028232942
"600"	195.002249986368	21.3810027958767
"601"	68.8673196719901	138.944768804152
"602"	169.973470901132	12.9382386042286
"603"	39.544720480627	7.98231807921094
"604"	181.451834130879	29.2137542442153
"605"	400.858814604069	58.1435441627262
"606"	329.751126116622	80.8002211402714
"253"	90.0963588636656	11.118534906242
"607"	0.638924905467801	8.0940717033339
"608"	0.212646707355142	12.7810540657668
"609"	12.4110040008283	2.95517131453607
"610"	105.187534763	20.367899072894
"611"	31.2014375604456	11.989809555461
"612"	2.24624250451166	5.32078861510546
"613"	29.0790693259238	14.1099129813426
"614"	33.3022492283349	35.470682498397
"615"	5.50226322568717	9.25166432877267
"616"	26.0224854699847	29.1925819947964
"617"	19.1639445774704	24.0217805059373
"618"	0.962246254928986	0.831026291297579
"619"	45.5891000654711	22.693642998551
"620"	136.990104048347	93.6176736097997
"621"	49.4960963522063	122.267003948477
"622"	26.8924304590078	16.5482956935347
"623"	243.010724093742	50.4413187324359
"624"	215.950002929741	82.9783352098058
"625"	6.26688100071954	14.3577939881927
"626"	358.835705303694	40.1354848574477
"627"	0.318515194490921	26.7755772557804
"628"	0.199919350965835	22.7499738294026
"629"	52.3929989295519	24.2885804158443
"630"	86.6207321642457	27.7069790654683
"631"	0.476929574149957	36.6922001666956
"632"	4.48249203814203	2.46907512638246
"633"	6.81892467365179	22.7107752235097
"634"	84.8127680291173	150.084091114797
"636"	1.70276426427358	2.89143667714332
"635"	3.53814799340613	0.242450116585856
"637"	146.123446912622	65.6937649548364
"638"	8.10998861828322	39.5921578861269
"639"	4.86636281453405	111.882568930049
"640"	0.308075816449715	25.8323391760381
"641"	3.62072778538178	6.01384363769596
"642"	239.571863436976	43.9750171513423
"643"	19.8406472392418	9.99971325600196
"644"	1.98311882581728	28.3961356602444
"645"	2.17233110862514	12.0726650755044
"646"	83.7199915307383	18.6605486319403
"647"	431.988420980224	119.957212901862
"648"	2.48999050246914	20.3610416872047
"649"	609.376443915274	396.527355375506
"650"	196.575547078515	63.503358463652
"651"	222.884102355917	19.8971502565698
"652"	129.894927961314	58.9319132270106
"653"	79.8760956494972	22.3901323662491
"654"	71.6212584173272	9.58573365523999
"655"	50.1984777343244	22.2601994385721
"656"	3.51090784203348	130.228414050576
"657"	146.827854859892	29.624025330328
"658"	12.4175744149663	18.9626806010929
"659"	18.30981240637	20.586238481207
"660"	29.8701258017791	131.491652307396
"661"	1.56510381743697	18.926608510873
"662"	2.39255153865558	5.29946177273736
"663"	2.20182105636592	9.47071322818277
"664"	5.15776932573097	24.7001359130645
"665"	41.2877648341557	22.8087665018548
"666"	12.8569543823007	16.0189443198696
"667"	1815.17064683782	979.797370069818
"668"	134.925590842168	55.5321321578477
"669"	313.212718869543	10.297550008326
"670"	130.48407776835	80.3987943139616
"671"	19.7985673728896	14.4390402573822
"672"	2.34517098865648	33.2021272104066
"673"	2.1834717152161	11.6667518110289
"674"	4.38028181763467	16.8917678228404
"675"	1.25405045167221	8.69612693131886
"676"	4.5046079244706	23.6916475644952
"677"	27.1220134841275	26.8899857344172
"678"	19.5917778535517	46.277380719282
"679"	0.914387239196729	5.18449954565384
"680"	11.1478553211833	35.7246695860003
"681"	6.37860948647011	15.6944293079097
"682"	0.617033748929814	3.25268319851644
"683"	83.7803613681306	59.5821928283635
"684"	4.30644425472409	6.99332336544917
"685"	4.15258510331249	14.1649295093537
"686"	6.36228991851506	0.404269379987293
"687"	8.90173934935848	0.684479459223643
"688"	6.77106136125091	4.9148745566063
"689"	0.139377761999218	0.354208889285413
"690"	0.643947759408916	2.96133828127553
"691"	34.4477286438771	10.644330582333
"692"	19.6051786407264	52.8573164467067
"693"	22.9987530359856	59.878302175465
"694"	235.023766347776	245.602662862131
"695"	30.1066594753617	36.7047113675333
"696"	1.43573869359599	1.32676858904299
"697"	309.529724097775	114.936788322455
"699"	1.60732450279603	0.342046678705452
"700"	44.9499932419663	128.051874944461
"701"	8.92780492566097	91.49497514933
"702"	9.42314199895515	4.70516504364917
"703"	9.12372896619556	12.3898656065709
"704"	2.39861336721789	6.8173396552064
"705"	265.490416095378	84.0188927515669
"706"	500.109117853865	51.3299226006121
"707"	703.931068221066	11.0569264093202
"708"	94.5686678596518	15.9532763575869
"709"	24.311086485444	18.5836511954586
"710"	0.88340006446056	14.1032221227849
"711"	6.31943152100935	29.1362361908331
"712"	30.4258112370224	29.8564884700535
"713"	30.2179927208047	13.8016339321119
"714"	9.62632073558016	14.0463439757593
"715"	1.48196756322788	1.08194044838794
"716"	19.6963418415449	18.9485223141363
"717"	1.37788784324982	1.21717142046556
"718"	12.3360269626588	20.481245310863
"719"	37.3426624289002	14.8693463045735
"720"	7.66993277582773	36.0061270551088
"721"	10.4727928549171	1.2465450463212
"722"	144.438793668	66.6904964864163
"723"	7.11130513204179	1.54183721325423
"724"	138.436318507251	45.1118486194426
"725"	64.4660672071631	174.776053362373
"726"	1035.46622392171	84.6886270553775
"727"	28.5864600310537	14.6617126497977
"728"	90.0802642891773	48.1232836037365
"729"	14.0942783469604	14.5207511458747
"730"	73.9133269177107	36.16516685765
"731"	8.36796621928046	11.9581183213812
"732"	40.5430281256788	19.8272813423895
"733"	49.9356078242265	48.1183430286747
"735"	2.61863786805982	19.044969676088
"736"	55.3453833872099	31.3246726377493
"737"	5.09496624513971	7.07323728742731
"738"	34.5605983307787	11.9809107708789
"739"	92.9691117771594	94.1275318316438
"740"	239.37334485161	26.3337845275968
"741"	10.559900994537	12.3472199454112
"742"	210.512690099123	221.038192766922
"743"	2.3893303665257	63.2216723212783
"744"	53.5355099776183	70.3693485897391
"795"	8.01827125588326	12.5990049378111
"745"	117.174563221689	77.7178466843912
"746"	116.453436932283	36.5604508190182
"747"	272.842446802995	21.5856678489451
"748"	157.672577701407	14.2272054615128
"749"	17.4231205337455	5.59051504242939
"750"	3.97639596207063	14.4729960874373
"751"	14.3698005002964	47.0743189419533
"752"	7.27567661794587	21.9555032661462
"753"	6.55883996916449	26.0004926606873
"754"	0.643837727501099	41.7994453415043
"755"	1.28545660023793	16.966083376385
"756"	4.06913643917355	4.02890496153451
"757"	190.152281728579	108.113049111034
"758"	83.901145759509	3.41472428328389
"759"	305.413593039236	36.3508680599764
"760"	6.09603885438618	3.06753159813261
"761"	36.6211757614845	17.2264796339697
"762"	292.884413745763	109.607664476516
"763"	124.625776752455	16.5669959008485
"764"	92.4502425490722	11.8559785026186
"765"	167.742477974669	118.629821450931
"766"	213.297950855973	0.73165678608906
"767"	373.239712348923	51.3769969071247
"768"	611.60283005909	123.273428833276
"769"	227.622192491703	44.5187461372998
"770"	163.47673310105	12.1342169590427
"771"	172.609663928978	303.829409950946
"772"	167.734931476093	82.831955284138
"773"	66.014945382173	40.6406646756824
"774"	1.81414525038532	1.43623403078194
"775"	0.637493233190312	31.9493951134446
"776"	2.70723156698674	2.25129869174605
"777"	3.56560122223009	9.67474596596481
"778"	14.070024347751	10.9757339702754
"779"	1.53203418580599	10.144224833478
"780"	0.511531560195854	9.34391216469213
"781"	3.53072824561671	12.3589691764388
"782"	43.3125465303723	21.9941755653906
"783"	108.309207416838	53.3693088184514
"784"	52.2969201029935	18.7649538732583
"785"	55.8454549945473	81.1885771811979
"786"	82.4978936995975	36.1603659901011
"787"	12.4289265281416	50.0550630280065
"788"	7.77838376808974	13.0345768216186
"789"	14.8789839056344	8.64384764046651
"790"	1.01696801818068	4.09218435162801
"791"	206.547247732707	164.177442968759
"792"	152.03991863674	9980.55946155948
"793"	77.7863599230168	152.305683038357
"794"	102.76008926985	58.1799835167505
"796"	0.782973735018492	7.51803901337738
"797"	19.0318949641955	17.3601348549735
"798"	2.97670898974514	11.3582098135917
"799"	2.41939406785197	5.92566511719558
"800"	46.1391306441579	22.7029417835816
"801"	22.9942592647573	24.021217748036
"802"	10.6617162572916	50.6090815172353
"803"	1316.44454701611	91.7617517008132
"804"	95.0020247970001	106.053062144558
"805"	54.0477108256219	23.2807374866178
"806"	3.79632955959555	19.1571060937062
"807"	1.07254644915697	1.10687162688203
"808"	23.5546032433772	20.551359393741
"809"	126.67428255083	42.7007304633806
"810"	119.444270163178	25.8945979123427
"811"	65.367593818897	7.12432598980482
"812"	87.6174932156607	41.5274768053102
"813"	75.7161086806735	11.706627080355
"814"	60.3772031081914	79.4018930693341
"815"	12.8765181682544	28.2360234699294
"816"	14.6139169346214	24.1751197675545
"817"	15.747273434279	17.01683451809
"818"	0.378062131997292	1.4209446770812
"819"	5.5456052263416	28.8793581074099
"820"	209.938641515734	40.716576072505
"821"	69.2277151427439	44.4016058313519
"822"	23.7170599845593	8.65258507183923
"823"	20.1954252799224	40.8415577601696
"824"	164.862809197678	43.8284152014474
"825"	0.939703147534243	0.596606896500098
"826"	19.0789456810854	8.36345494440593
"827"	74.9108541333699	40.4246321807826
"828"	0.815204622185988	5.67045007466809
"829"	3385.58267525407	2250.33062584353
"830"	119.751995762171	0.0567666997121816
"831"	261.059418450697	24.0596608280654
"832"	98.0378597560314	27.2102698637066
"833"	8.43855760815009	42.4769865897826
"834"	81.9398339223876	28.3318062935251
"835"	33.9858982611179	34.9719623088559
"836"	111.179294598228	20.2317162268222
"837"	5.73492914985169	19.6189852288432
"838"	86.7930998235481	28.9942594355217
"839"	140.109683447892	30.8438232124843
"840"	4.27923329454079	14.0617685627388
"841"	0.443193860504361	10.039468105085
"842"	13.4488202830813	11.1233188684201
"843"	142.861314910421	1.09911366902339
"844"	135.86519944329	5.67834425065894
"845"	19.4730482427319	64.0208440090982
"846"	213.069692405519	65.6927599472751
"847"	15.9031906114689	11.6045885664313
"848"	351.72355802791	69.714187979062
"849"	264.47582996853	11.7430919432238
"850"	81.076035199672	18.6924189032229
"851"	49.3189606159471	0.832635207011333
"852"	3.93601870815736	25.0680941812803
"853"	0.357684016769108	22.5818098444507
"854"	29.3430247175131	29.9075078247194
"855"	74.4054337555217	7.31960642867053
"856"	221.196435543497	18.3294899977261
"857"	78.2747743881795	60.656138448036
"858"	1.38172603037432	17.1247230709237
"859"	27.5025398630413	22.5975998318192
"860"	40.392827446391	3.42638469183491
"861"	25.3378182333261	10.5887916982859
"862"	361.657813677624	261.831048047463
"863"	233.000211529611	19.6473498645551
"864"	26.2074985533563	11.5796972846036
"865"	246.030100368473	41.1285197526177
"866"	1.27276407619622	0.222777005297376
"867"	56.0086665696187	46.3934175525713
"868"	4.27896977546222	13.6820714171176
"869"	66.1158376614682	119.636150619045
"870"	235.967991662548	173.411162904402
"871"	10.8935146638104	3.08515093590435
"872"	130.284547589102	217.179382068763
"873"	2.00453459095631	3.94931560741317
"874"	244.184595603437	108.608040383956
"875"	149.196221979474	33.6068096177898
"876"	87.076800893898	30.1239576640016
"877"	72.992678891447	14.043772597025
"878"	22.3295492988988	36.2800583342133
"879"	113.717810236699	58.9507479408712
"880"	305.667196379668	35.8031440139007
"881"	46.688020301807	25.3387837202982
"882"	55.3920205393851	66.0488418601457
"883"	208.734539444081	49.7445161046316
"884"	38.1045090537652	8.4482460943874
"885"	157.449504133363	19.828314826873
"886"	14.1822240183451	26.1564617712457
"887"	173.086009786037	135.937807570494
"888"	592.460949579312	83.3721853308204
"889"	516.925275119852	114.76256632177
"890"	40.8803489659088	134.779061212121
"891"	2.92649983886156	11.7152975129484
"117"	38.8861315550972	12.5426793351047
"116"	33.6579413005251	29.1044705222384
"892"	13.5986588174501	27.028944487904
"893"	11.1161472202565	26.937378251608
"894"	242.612749603216	35.6301837468618
"895"	109.206096799994	12.8057821173724
"896"	779.56632117558	109.995044583769
"897"	0.599013200685617	6.47059815611712
"898"	139.576629665929	31.5970177122432
"899"	331.341689074482	559.069654871663
"900"	82.1960324497578	245.076518981551
"901"	10.8796660843418	844.7743144332
"902"	248.821642599484	400.63430584784
"903"	122.674530892069	25.9255514777244
"904"	128.606115703411	27.9785967526104
"905"	6.68129141729756	12.3401320341033
"906"	236.509036901828	38.9331812999694
"104"	37.2067383751938	70.92269965593
"907"	200.907298317273	100.673111312415
"908"	463.606816395323	37.9519952090264
"909"	20.6194493660321	36.8890749202763
"910"	4.87118598552061	46.6223955479865
"911"	30.1085122882387	0.0809300564145941
"912"	527.476486227326	101.640379272862
"913"	80.6508790993852	18.0729495494555
"914"	107.841713572513	3.31235336071236
"915"	348.212303745977	42.7623052563807
"916"	144.785051894569	15.1108614125661
"917"	449.448174814786	184.447509329453
"918"	1016.399910538	1000.78239266986
"919"	172.840614610287	10.2926836425613
"920"	128.933992527778	115.562740333703
"921"	90.6207260057774	20.7143548005181
"922"	0.908380207898482	18.4175189970267
"923"	1.72237919591643	20.3024401880085
"924"	0.926133886386989	5.14604676540303
"925"	191.08814019653	129.935464289415
"926"	54.6961133925666	88.8606392547657
"927"	134.6513721663	24.3523537437991
"928"	5.55811728066248	13.5885563322303
"929"	42.6167983270892	59.5174323426209
"930"	54.9078480621162	43.9050427998679
"931"	9.98144963780662	13.1657653253737
"1793"	9.87763162936361	4.40947843945975
"1795"	40.2321856073309	57.7147853595992
"1794"	112.485247448254	77.0466974037317
"932"	1.31063003438977	4.701321043897
"933"	308.956945618396	18.6658627493737
"934"	478.537330012391	188.010754467245
"935"	460.377421305862	113.365201171673
"936"	167.770469404412	23.4390410727789
"937"	19.273927542102	4.51881307070527
"938"	0.687119460326706	1.52999433647368
"939"	0.461115931291801	0.337075805241618
"940"	226.711825961078	13.9320077214839
"941"	133.612900161587	27.147999254035
"942"	93.2967534414902	24.1919432973249
"943"	207.19213769877	35.4675769428154
"944"	5.23707949555974	26.4000738765428
"945"	47.9497855494293	34.7922627110141
"946"	278.790362969803	197.132793394147
"947"	27.2705647269531	39.2296295104781
"948"	27.1921884011613	39.0677368853457
"949"	0.563022380352785	0.469268905860804
"950"	0.414043289826653	2.77186586119703
"951"	11.0720938269586	19.4802258720804
"952"	4.42694843238456	16.106261816458
"953"	4.40838915663459	14.3481194403123
"954"	12.6012678490542	12.4138716184093
"955"	0.801288938858416	0.243152818074437
"956"	49.4443978649448	9.29709680584353
"957"	132.969903714696	6.45004017961679
"958"	273.340109888707	86.3783108319506
"959"	4.48433108813963	17.9429549757196
"960"	13.1858908701965	31.5418260228733
"961"	218.983947435093	98.2304055262343
"962"	263.309580975866	15.3010939135008
"963"	54.3666475992409	15.257294570143
"964"	0.918376873132745	33.722722566483
"965"	0.176337526394569	50.1232656368327
"966"	53.0105681364936	23.2874095926988
"967"	766.763690598233	103.944102987871
"968"	124.42044059623	73.8039028523193
"969"	11.8720173799286	7.5549625110957
"970"	66.7162215799897	11.17162731291
"971"	23.84724147947	13.2905730306483
"972"	75.0038653635974	15.9310349920134
"973"	163.866863702873	17.5752693180439
"974"	200.604845044633	30.191916495382
"975"	6.54549647856494	34.0951240488708
"976"	129.022569902254	34.7487953227585
"977"	37.1446931121372	73.3705735042785
"978"	68.136047627374	113.509932370074
"979"	49.8521074362703	30.9513192812635
"980"	10.1316891440756	5.94379799048873
"981"	95.075106503263	25.4797603233191
"982"	2.71820388583062	3.16283394527408
"983"	258.017851306615	82.0189347736017
"984"	62.2029267604257	20.5919111239467
"985"	2.36334785864149	5.7031596648728
"986"	3.83916013698368	40.9907616062306
"987"	2.8034471688546	11.1486266141468
"988"	0.613661317628687	9.6056102737212
"989"	14.2304447430164	43.5658248784503
"990"	3.98773943508901	2.6717474460448
"991"	558.920261536617	209.913456909265
"992"	176.961492554718	63.1371782025903
"993"	220.137066732835	19.5908732449885
"994"	35.4307410857931	1.57535768282004
"995"	239.999953862537	48.3476235196082
"996"	39.3211877355068	8.82373649043181
"997"	2.65670049112526	0.513757623115774
"998"	4.73220636154254	26.6735482470219
"999"	39.315766623371	65.3119123997393
"1000"	299.198710937163	61.2617539885733
"1001"	97.620575021892	18.0207660992769
"1002"	59.7174290569005	63.0652320314407
"1003"	35.8300415186002	0
"1004"	0.268498725671672	2.5641509105649
"1005"	189.924533538767	58.7334345153424
"1006"	189.138202106844	125.91537748369
"1007"	36.0601463466851	75.9968414301207
"1009"	424.808520313253	113.78791081366
"1010"	467.072317863656	221.243415915509
"1011"	370.631452830136	9.81806735141512
"1012"	240.852177264727	96.4961729730991
"1013"	111.968039448608	69.0064551481734
"1014"	146.921761684279	45.4464167674755
"1015"	1.70527404355077	23.8804577782425
"1016"	20.9667835806902	3.00727635155866
"1017"	20.2319755386799	11.5796311588566
"1018"	34.6939663597353	43.5611683113411
"1019"	37.0844044621125	20.5035683830638
"1020"	0.172816849222441	16.3746323328066
"1021"	11.2588414451916	14.7853663440039
"1022"	202.858781623712	1.07313209924792
"1023"	177.044916084545	18.9272204922827
"1024"	182.177315128837	18.5240975298631
"1025"	29.467861344206	60.0405875149895
"1026"	102.297338839383	67.9063148566627
"1027"	364.42482401466	98.2987867692117
"1028"	38.8235005462259	21.4863719756581
"1029"	10.0153162093342	8.62702505415976
"1030"	20.7927744836819	9.53314586163499
"1031"	30.033185104019	23.3678632711321
"1032"	14.9625377428318	6.98094963070513
"1033"	35.0926379264734	11.4476596686433
"1034"	1.26036529234179	8.48534173786994
"1035"	33.1281903390503	12.4353418878508
"1036"	0.180404487761039	37.7938565322152
"1037"	49.8986859348812	60.9402722556217
"1038"	24.3599730741198	41.1817670562368
"1039"	22.4059141737338	37.6319575163446
"1040"	3.68557582793744	43.2422713614308
"1041"	1.63652230107421	9.51989751110981
"1042"	24.7354280165063	129.701686585478
"1043"	0.735718812918549	10.7616156779907
"1044"	1.81605867444567	5.28758690431705
"1045"	68.5142980784394	15.1581247169465
"1046"	29.8712640759231	19.9293653765989
"1047"	82.1190810456317	53.8726114599927
"1048"	42.3951066233982	22.5446803595751
"1049"	289.267875377415	81.1183285149682
"1050"	34.6296836377682	40.117633015498
"1051"	10.0085195187896	6.61204558510199
"1052"	9.23034187720753	30.1407607010903
"1053"	15.2854172062478	60.8054862824864
"1054"	251.146845049509	54.6859394910832
"1055"	32.758402380455	53.2285668903074
"1056"	0.547906790656478	9.98846013344497
"1057"	3.34841634582598	9.73419746353685
"1058"	0.830878974063704	2.69654479146991
"1059"	20.0466004977943	26.8621455095778
"1060"	271.805612688609	122.23536548795
"1061"	17.3133348357975	51.3067786654606
"1062"	1.36887951455136	17.7910948907706
"1063"	6.90782195451997	11.2809776927891
"1064"	4.91515194156899	11.7736923871137
"1065"	5.18483880236949	5.38622902537169
"1066"	49.0079181441355	16.7043373556093
"1067"	54.6761000614108	24.5459652805536
"1068"	0.400328051761103	39.6467400006801
"1069"	85.0159188574547	29.0441646010754
"1070"	30.4025779999662	16.3591200970149
"1071"	3.6486560587942	25.449714907525
"1072"	8.9107753950036	3.11355955055183
"1073"	23.9708162845857	8.56474091234898
"1074"	8.33752208717898	21.6063009012398
"1075"	5.95533519439832	17.1823140937018
"1076"	9.88727832195868	17.5602612924488
"1077"	4.90287064805972	29.9247639025966
"1960"	8.29495139517614	28.777462698041
"2210"	1.93863291428746	26.2373602517915
"2211"	4.10999106080116	8.05339441299265
"1078"	67.0057874743743	39.2737439110829
"370"	15.475003346868	0.1840733997915
"371"	96.793744088292	39.6167673273199
"1079"	73.555354271991	4.14628278819878
"1080"	94.3951769131603	5.49907291738925
"1081"	91.4141247551159	6.68723028512401
"1082"	515.026743582706	104.054688954692
"1083"	202.162146100181	19.7652213353207
"1084"	54.5333909234581	7.6646485517788
"1085"	5.77286068417178	17.2317884938181
"1086"	1.11225859342412	19.4728392174445
"1087"	91.4330933016502	38.3144535257322
"1088"	7.54212809622004	12.0207702141958
"1089"	75.4532256866587	11.2689062579775
"1090"	802.961537259659	427.587860024538
"1091"	0.238642870322504	0.18270971429729
"1092"	651.26128919456	14.9919908186815
"1093"	13.8110431486629	17.7841104849933
"1094"	67.3087298503349	42.7457501391957
"1095"	46.4248958901029	136.095322115609
"1096"	65.244865301768	23.1280706279616
"1097"	41.2335740607636	3.23589017549683
"1098"	15.9323130036269	30.6981444590523
"1099"	10.0468760982709	50.0344131086056
"1100"	37.1126825950127	81.984295241642
"1101"	0.30347639514764	2.82033401310462
"1102"	1.88039491213394	11.2185852901492
"1103"	1.26007985468259	12.4633613023006
"1104"	2.82329156920687	6.67831498418045
"1105"	15.312184345507	4.5139752024786
"1106"	15.2290036692632	19.8016648582481
"1107"	0.492323544596702	5.65318461579061
"1108"	17.1819930154612	42.1638703504366
"1109"	52.5178633606497	33.9918468995809
"1110"	94.1974652358924	22.9937505335669
"1111"	54.8742387996177	13.690978099903
"1112"	28.247892744311	19.5451835920603
"1113"	26.4084242181823	10.1874207902547
"1114"	9.9509340189837	29.5744551914802
"1115"	8.1492962166561	16.1283302993711
"1116"	2.61762349824391	46.7782164997135
"1118"	1855.55450826413	64.0180021197077
"1119"	4.63147352689679	26.1384199953965
"1120"	0.196544653150302	20.9246367246364
"1121"	58.1224464856716	10.6763587759069
"1122"	132.232407411898	27.8107464904845
"1123"	232.32816596716	52.4610683396568
"1124"	72.3388226493357	33.4215829908229
"1125"	166.309423488708	66.2788095213305
"1126"	266.823728690886	127.950646597531
"1127"	89.5260430531067	37.5072779658514
"1128"	1.91579495433419	3.89763433748479
"1129"	7.55049788790356	0.0331748649982662
"178"	0.977053102297248	1.40528398056782
"1130"	19.0925928890779	48.7959155628416
"1131"	30.4928265505146	25.2240960336039
"1132"	60.3403405183596	40.4016748870398
"1133"	0.76581294428172	10.4731507649429
"1134"	61.628452035448	19.5715183914014
"1135"	9.45030223301599	16.2759107863662
"1136"	88.2853765440272	45.1520719484108
"1137"	10.9927175867233	16.3978363253434
"1138"	49.9137288495352	13.98697365129
"1139"	8.69792414693875	24.5550111912295
"1140"	95.4021550590555	87.6277186013321
"1141"	37.988670027214	88.2300474301482
"1142"	150.458082437554	54.6637511882458
"1143"	286.639956122161	70.7626626327737
"1144"	101.463275072053	54.6644133208836
"1145"	57.9865521898135	24.3240169696201
"1146"	1.97038082121949	12.9312702338733
"1147"	32.6828513606979	3.81560218754758
"1148"	28.3884262332368	24.0789243349781
"1149"	2.75936382422396	29.3021354742481
"1150"	0.37668834105618	9.9557560546812
"1151"	2.91220330164982	29.9238705220453
"1152"	13.8430994597311	21.4687679953719
"1239"	37.0160724461854	18.9021876230537
"1237"	0.501750797083095	6.78468665462364
"1153"	14.0000977690169	20.6181074648693
"1154"	7.24148999926547	15.6819458803601
"1155"	3.09042238791138	30.2758318325915
"1156"	1.52449185148384	27.966556004806
"1157"	46.4497369781457	23.0587703573596
"1158"	0.229484545353828	5.38270394665645
"1159"	4.38461453832989	5.69728685146981
"1160"	5.27277516617113	11.1972431697197
"1161"	15.6158389692061	23.5094688238995
"1162"	32.56386740435	39.1277780634379
"1163"	19.4147967681372	20.327418552291
"1164"	153.460469257693	92.6037595140031
"1165"	33.0739125125307	1.40802225156308
"1166"	2.87183242370698	16.9040042338616
"1167"	10.9750603751545	4.68168761016591
"1168"	17.6634814936534	55.237751969415
"1169"	99.920629638034	35.9378079866416
"1170"	125.159224061241	74.226240890514
"1171"	3.12853828138332	37.8491415049648
"1172"	8.30607481301262	13.0510333886385
"1173"	13.646347976852	12.348583920378
"1174"	29.7864535751485	21.0944649031621
"1175"	87.2392823632105	146.856534460351
"1176"	49.7282667203632	61.0919721171016
"1177"	5.31700118097529	9.05607395035986
"1178"	25.9789318124033	3.1937366911168
"1179"	40.3435549119748	25.3425704183081
"1180"	27.2172250632394	11.3049552116786
"1181"	0.223051265831531	21.2237093054615
"1182"	549.47548112035	49.2357327677238
"1183"	30.9348633195989	12.1473478033668
"1184"	3.43747998479162	28.0254796900159
"1185"	0.52996331370278	8.61722492115026
"1186"	4.96637918294286	13.8890762623979
"1187"	20.5905077375253	11.0587511892651
"1188"	43.6783393375417	2.29114033249159
"1189"	221.158706350088	118.422482631064
"1190"	170.938699385275	55.1687004755696
"1191"	3.61880404245907	4.18915988354203
"1192"	6.08671674995709	23.5055557356982
"1194"	95.555303084087	25.8324652169005
"1195"	114.386943369778	27.8624435287805
"1196"	202.664887866822	89.9980843939656
"1197"	223.710833058454	20.7730501275332
"1198"	332.469737982719	92.770313511023
"1199"	1366.45100835903	209.40319390984
"1200"	5.82510476846164	19.4216833443811
"1201"	10.5430474535416	1.64986266454489
"1202"	83.9612518335519	33.7423435182396
"1203"	111.748391682786	9.0127512053904
"1204"	21.3706350856484	13.2152323777401
"1205"	115.512735638353	15.5167134301169
"1206"	128.364135421349	25.2774440213317
"1207"	12.9633163346342	19.1074088711149
"1208"	14.7688780880099	15.7550300491061
"1209"	73.8339158279867	82.5434955026457
"1210"	84.2068523830138	28.3156033585263
"1211"	100.868310974043	17.8616311948703
"1212"	0.798736542159043	3.39714735491915
"1213"	64.0094207304741	51.2499995914071
"1214"	81.8981619368691	0.430143820682983
"1215"	7.41250841396571	9.79066512736248
"1216"	3.28583991441787	23.523100579487
"1217"	24.9861951340903	65.2383711122449
"1218"	24.78766498126	35.2160188935722
"1220"	28.719318355903	38.7963292344505
"1221"	155.560097248272	15.4191836169443
"1222"	29.2498726562068	33.2565200865463
"1223"	177.015059724008	81.27075931586
"1224"	9.75213841850785	46.4915424537056
"1225"	147.422521004163	37.2441966283012
"1226"	134.706844027647	36.2737547434524
"1227"	39.8479710860898	24.5751242922889
"1228"	5.47719849754758	12.4712864727893
"1229"	53.0171263813849	10.5626962523336
"1230"	49.3075065380738	46.8696244831212
"1231"	52.9546361632207	27.8266888887504
"1232"	14.914253481223	10.5974524333819
"1233"	0.992295157371383	134.760979118554
"1234"	25.723951193889	80.2782301991642
"1235"	72.4901777904286	10.1485123277866
"1236"	2.90891233064836	0.792554523015274
"1238"	34.3749733544374	9.09583053269798
"1240"	49.4860803051706	3.51767570511974
"1241"	28.5194870335863	4.78888913738213
"1276"	154.03996664688	44.7413752938601
"1242"	8.8443782702198	12.6354008148017
"1243"	89.2246615080307	22.0783094213143
"1244"	105.674939927587	74.4144553485924
"1245"	0.237460002539785	0.0135484432014278
"1246"	23.9654952533685	16.3603961145145
"1247"	20.2229382086889	67.5922450996875
"1248"	89.2129568032682	87.7879631217525
"1249"	372.545047464367	17.8147067314297
"1250"	16.2241576968609	0.359261388434457
"1251"	177.713734766385	28.2907455412722
"1008"	200.450342391776	70.5102697703206
"1252"	26.2440897027577	85.4519754822682
"1253"	88.9785557068705	11.2365048707448
"1254"	12.0929064069489	15.3163860335971
"1256"	340.949110379186	7.59983380328652
"1258"	21.3008407713811	11.1573439073049
"1259"	328.09517288642	16.4670867774541
"1260"	141.611743924101	21.17477028547
"1261"	371.562395607909	17.9210848056809
"1262"	7.30809345781298	4.20402993986372
"1263"	14.83297024593	11.3681614664148
"1264"	37.0911418163323	23.8374270386886
"1265"	15.2471830549797	23.2405366934378
"1266"	21.0380420179588	11.0737097899884
"1267"	9.70918971385351	3.02087438085079
"1268"	30.6628037468993	24.9203376789014
"1269"	1.01155822977584	1.30301626090403
"1270"	13.6317098856896	1.10255982903297
"1271"	69.6431798437166	9.54441816949701
"1272"	26.7680732283455	17.3815103614026
"1273"	15.7464014687239	21.2776807809022
"1274"	40.4939328971619	56.2440715416647
"1275"	0.378826844375194	0.177903485214659
"1277"	94.6853804101707	26.7392841788459
"1278"	76.0871478853473	14.3989059144821
"1279"	171.682834927858	36.8845176637005
"1280"	20.7508900414826	14.3223358360606
"1281"	43.7137162461721	28.3768993529366
"1282"	0.459751160898496	0.36846074610829
"1283"	0.37753647325408	1.13099691223798
"1284"	0.904849030622086	2.09675275708904
"1285"	18.5669579640219	21.0621641914926
"1257"	1.90551651602153	2.32594572034693
"1286"	370.239171806564	14.3159109356833
"1287"	23.4735760050304	29.2223956192313
"1288"	7.93123415126968	37.7844021007225
"1289"	16.5833297326255	14.0273764941358
"1290"	81.4905044074129	52.2091502234301
"1291"	89.7807816770213	24.4459732259103
"1292"	31.507883337084	48.0191097183001
"1293"	23.1324931421864	9.33066056117587
"1294"	1.23795472328999	8.51036771870766
"1295"	302.879776954859	62.0400118249812
"1296"	41.0472857362175	8.4624968858026
"1297"	239.369207068054	31.504474339343
"1298"	34.7476161500572	21.3434869651948
"1299"	205.67791720511	133.485404606633
"1300"	89.8854115494465	19.1840805808406
"1301"	22.2026904603295	45.4073055196875
"1302"	7.92215160219564	26.8521664746307
"1303"	30.5637788520542	24.2499285192212
"1304"	28.5901492438648	29.5628455445793
"1305"	18.9601514336377	24.3956835175385
"1306"	50.1099885951527	27.664295966529
"1307"	58.739688434539	52.0992491418182
"1308"	7.74813511753602	54.7930979474483
"1309"	0.273999683061557	0.144534833591059
"1310"	184.598813008313	16.7015304928125
"1311"	115.548334030488	4.71542820909191
"1312"	234.352944906685	66.8880077690558
"1313"	217.84364723485	2.53026165096402
"1314"	404.037995076377	60.4292503620781
"1315"	474.528450347994	154.716972303167
"1316"	220.596102724415	19.5890614338642
"1317"	569.767339410713	0.863185207034327
"1318"	269.650887949898	188.708262314451
"1319"	176.974391701672	4.36767632406803
"1320"	114.916887808139	112.509575742782
"1321"	207.103856947767	58.637311158593
"1322"	398.651527885021	223.820387285605
"1323"	245.832449237511	286.648133001881
"1324"	31.0431452974911	39.6197676885132
"1325"	243.913050185232	128.220371991592
"1326"	123.291997733776	171.174709191854
"1327"	170.256314236237	45.4024199140149
"1328"	352.083704647345	85.5491872594172
"1329"	204.285022412626	422.712712272838
"1330"	48.3186258895767	8.03533598686849
"1331"	143.376042351807	20.2274699088079
"1332"	137.621920413369	50.5639269753837
"1333"	286.598895060644	31.4817137251759
"1334"	272.907962538419	25.371069804474
"1335"	173.836077154449	43.8491358379469
"1336"	276.331440491196	44.6873439819772
"1337"	182.099798469403	101.229093034426
"1338"	249.086902170095	753.27147676039
"1339"	312.878535785695	226.967623370103
"1340"	133.579279571964	3.90328853463185
"1341"	294.016651287341	58.6358687799206
"1342"	199.857163052476	85.1238403510988
"1343"	392.953448738364	1.11473063841108
"1344"	997.573689493546	23.5538046089375
"1345"	41.4062758514171	12.9258967542862
"1346"	10.2121309460903	7.77412919790807
"1347"	3.60311425019598	17.6379338159875
"1348"	5.53954898454867	8.82677424064075
"1349"	5.54059483747628	11.0476861371585
"1350"	51.6499194681312	46.4945948684795
"1351"	74.7622087352057	42.332694080243
"1352"	74.78173515481	21.8488080540068
"1353"	10.3642122118719	103.368103696545
"1354"	3.81717360306812	8.70388775660212
"1355"	28.6205360308352	11.6392563181737
"1356"	267.050085947948	19.9697346658262
"1357"	18.4137339048587	13.3806410348808
"1358"	0.376592987255498	20.7351505341071
"1359"	116.507601851807	11.669255104524
"1360"	72.846629980924	105.519223410105
"1361"	72.337855986333	97.4301319316497
"1362"	42.8481680287828	10.6850152696285
"1363"	44.0439310693411	6.99784524803706
"1364"	62.055561302675	7.61087792886263
"1365"	41.032340540456	2.12999229353331
"1366"	9.98395600338208	22.3971082540909
"1367"	106.571357296238	47.7006778790971
"1368"	75.5265581019005	8.95019288453102
"1369"	111.343580625033	199.461298887764
"1370"	235.991170816557	20.9697210484741
"1371"	51.0092330654777	12.1584323943165
"1372"	9.03843676884897	1.04237809670694
"1373"	25.2414397404142	7.15032171954668
"1374"	0.298260859184916	5.42197529572129
"1375"	47.7751880012593	20.3422081252356
"1376"	1.83379411306398	1.23418249226853
"1377"	1.56575437432153	13.3916085809372
"1378"	2.06160880048423	7.28421590796605
"1379"	316.254603684937	158.504502151728
"1380"	93.732094655617	26.6678357676855
"1381"	1.67236557260319	33.852536980029
"1382"	11.0826150686524	20.9850608343625
"2441"	43.5150784945696	14.002572423027
"2442"	34.191674883411	22.117522934929
"1383"	234.336407648591	49.5988099365083
"1384"	184.709759786041	31.0432733381395
"1385"	63.2008461478544	12.7030813467142
"1386"	176.801048269083	31.6828547836225
"1387"	62.1748297556215	8.6816430279681
"1388"	175.763319763683	35.9813916155828
"1389"	31.6535613480082	14.242825036464
"2439"	22.7162756638051	9.52416063534764
"1390"	0.401280456540345	27.4599227044832
"1391"	0.508760215345136	0.818199607586628
"1392"	22.1081040586194	4.26039576889209
"1393"	4.55179908062866	8.7277147398169
"1394"	37.9880396276242	17.3446746664069
"1395"	71.8720916107472	51.4365326892652
"1396"	107.351698657628	0.319708109278118
"1397"	143.284309667103	19.8709578802819
"1398"	465.502825732408	32.6969875092406
"1399"	94.9171405789065	14.793263679768
"1400"	217.580467950369	118.673194887833
"1401"	23.2289431580844	30.7855040994617
"1402"	41.5640165714994	32.903305122032
"1403"	3.49648842182958	265.505820903147
"1219"	122.55763900628	79.059631158272
"1404"	173.389643957791	115.128017548595
"1405"	83.8749074124989	57.0951343756951
"1406"	0.946930269441977	0.720800682519631
"1407"	22.6506728305427	19.723666153616
"1408"	3.05944413214018	0.452581019560296
"1409"	23.6405556642594	69.532434564012
"1410"	314.072034602098	35.864395619738
"1411"	60.4734483878743	14.4107669862058
"1412"	95.2012937772547	33.2577339625648
"1413"	261.02946690947	96.5557345946963
"1414"	145.139229212059	24.4658924504121
"1415"	1367.41915981263	483.148664906635
"1416"	6.59661608973991	3.78986750298686
"1417"	12.7515529375429	21.0897860036922
"1418"	10.5847963555918	10.6922811230585
"1419"	210.400664720225	30.7313159531163
"1420"	105.742334015402	54.988356016762
"1421"	170.834241934075	64.5790571281962
"1422"	24.2746831034942	24.9441799605091
"1423"	4.93673482374234	4.22399107131762
"1424"	243.205878848179	67.4716852844111
"1425"	50.7587561067828	52.7565127582084
"1426"	101.507825057962	78.3806226341482
"1427"	70.7333821557527	1.31684734148267
"1428"	51.0020700135358	43.1560777202794
"1429"	6.84883209994004	76.4028124987447
"1430"	24.8671806713112	13.4202485017821
"1431"	16.3731713737938	5.04701611260306
"1432"	11.2557128219274	13.0327217038795
"1433"	4.31508747121001	29.2697932040372
"1434"	0.7758216658908	0.870073565492404
"1437"	85.9313781618722	48.3848585380544
"1438"	10.6454002775794	9.66712990283875
"1439"	162.040844065523	88.861800363914
"1440"	118.312890239727	44.2345315795146
"1442"	400.943084577134	37.8094084243675
"1443"	17.4863281554067	46.7596651408836
"1444"	11.4137359568354	31.9000440406819
"1445"	30.2494079378729	47.1640273361824
"1446"	15.6469630569492	13.5855720641055
"1447"	30.9516078031657	14.981228945317
"1448"	43.5187778236072	56.143517952713
"1449"	43.340401376914	37.4111552276103
"1450"	50.5080153252448	10.5481551784824
"1451"	14.9673654446586	8.05795038909867
"1452"	171.034729917897	17.6776406236342
"1453"	101.592601351185	22.2616697682944
"1454"	180.318882606556	168.265030415286
"1455"	183.693263931017	7.06044135198911
"1456"	100.373683695238	12.9129329608867
"1457"	107.953404037072	23.6103518510129
"1458"	1.06587416426465	18.0036659786587
"1459"	296.836020639008	38.0394739073515
"1460"	472.520812757073	67.3469195814136
"1461"	156.657682847613	90.0655579588176
"1462"	94.4852716118657	31.9528420409254
"1463"	53.9740015074104	1.10910036412843
"1464"	123.675439984204	20.0758380969352
"1465"	0.352246213496997	9.67599670508813
"1466"	7.85928192159896	1.48620075888872
"1467"	4.10249727504108	6.34200469680126
"1468"	2.55401740571596	4.5008855297416
"1469"	3.05527282542329	5.20213504583304
"1470"	1.773711108594	14.3237738999349
"1471"	0.476902490118891	13.4927876996627
"1472"	9.66541591771517	7.07295263362418
"1473"	10.5260113467581	19.4374733772558
"1474"	3.86384104284718	0.360726143016923
"1475"	43.3989314716503	20.0920111159688
"1476"	0.308795927647289	12.5482054281768
"1477"	7.85138217033359	13.3514731306622
"1478"	0.738683192470953	9.70970738038768
"1479"	5.04186196344017	12.5222610476207
"1480"	5.50741121591979	74.5836676224572
"1481"	328.290483265062	50.2377093600114
"1482"	441.541301603619	30.5726226084312
"1483"	194.353989616977	30.9189722832755
"1484"	5.25252487111541	2.84312595079267
"1485"	1262.02846394025	495.356084852979
"1486"	888.180473386363	360.642853729369
"1487"	127.138679186831	41.3005663065333
"1488"	382.748901544283	167.439541347523
"1489"	34.7838474343059	7.94880656237743
"1490"	22.5630338552171	17.3200080243681
"1491"	59.7758988419883	14.1211945774887
"1492"	198.825789268081	28.5431099277557
"1493"	5.40069922000216	7.90315455863632
"1494"	85.3855611959817	12.5097490810473
"1495"	87.2415078617059	41.7783583103554
"1496"	63.4089466735818	0.266792374084285
"1497"	15.5422469796692	7.16880667763315
"1498"	76.3497720180189	15.9840873233632
"1499"	0.578063483311375	23.2481353629615
"1500"	143.577493735811	52.7969727268981
"1501"	1.36607601275167	22.7820991370608
"1502"	94.07881736195	13.8334341696323
"1503"	78.5764369134503	15.0611842986666
"1504"	41.0917590961957	72.3263436785788
"1505"	10.3143422852266	8.63296544128196
"1506"	108.167935293774	80.9887093584173
"1507"	149.321016600595	27.6894954822288
"1508"	201.677629256586	60.4738808320847
"1509"	612.33452565525	66.5917805606952
"1510"	5.04941171593516	0
"1511"	302.77746320879	45.4273465109789
"1512"	4.09642421231681	5.83446025965525
"1513"	268.305530008405	207.801927663266
"226"	1.09336419634729	46.0247029606923
"1514"	1534.08236776165	367.095206840497
"1515"	21.013127405569	0.0388230670437005
"1516"	231.514140760441	60.4548326666557
"1517"	195.897180306166	63.1374419462025
"1518"	155.947156666179	39.1505164821198
"1519"	40.7268877913008	11.106017280634
"1520"	131.301034059321	20.7696621219688
"1521"	231.422682721504	17.0966261084754
"1522"	14.3607880081274	18.082752546259
"1523"	400.673200200332	30.3287101692117
"1524"	9.44619570826473	13.4924042557381
"1525"	9.95285238471415	12.8662937199258
"1526"	23.2151803295937	26.4603902715629
"1527"	20.3107198939594	13.1572913573909
"1528"	1.5781266804897	9.86178817770486
"1529"	0.330460571481204	4.04706307895426
"1530"	5.38741305292763	1.27277757661775
"1531"	242.914109973564	120.254845363464
"1532"	104.432357818008	39.0980588913867
"1533"	20.1202708366479	14.4822170540511
"1534"	120.207104981732	27.7176814703573
"1535"	21.3799116238298	27.6674864984472
"1536"	25.4390283556336	61.1651019010434
"1537"	11.8204485251479	9.42449248763358
"1538"	2.38567453601437	7.1335672361424
"1539"	13.8173605010132	14.1555847989639
"1540"	15.8198839280148	17.9186323778777
"1541"	63.5333197806182	24.9078197290676
"1542"	4.95686165689759	4.36205489670495
"1543"	4.56455615279973	17.3619879699864
"1544"	3.34274809740008	6.57741130548206
"1545"	13.4044561866901	23.6001363472966
"1546"	2.76271977986063	21.8671593334467
"1547"	62.432230247194	44.1761898229273
"1548"	71.1736828479503	32.408921800376
"1549"	44.5868804190056	41.9842415301089
"1550"	5.46009557776648	28.9449818109804
"1551"	48.1305166242682	27.3280412847104
"1552"	3.38896828721812	15.003053696555
"1553"	45.8197817805009	8.65531498146777
"1554"	10.7306609831004	7.26216060810402
"1555"	11.0002572690535	27.0472173200467
"1556"	4.28000677664402	13.025284615652
"1557"	1.81809285722455	4.50843566765669
"1558"	26.1519269402095	31.6503563363722
"1559"	33.0598740057903	27.6644155349508
"1560"	33.2764329076586	28.1276182787916
"1561"	12.0089390616138	13.1801192556891
"1562"	0.379619281667129	59.246335481495
"1563"	1.28879267761392	40.8816333502886
"1564"	16.0123989719318	29.614915979914
"1565"	285.089282607228	14.3861158989016
"1566"	38.0610037649581	27.410038241618
"1567"	79.4897270809918	50.4986107243625
"1568"	92.5117370724978	72.9610666291872
"1569"	24.95313053735	45.2616747651202
"1570"	10.0427294856055	32.4787879079531
"1571"	10.74315351215	4.5983844120961
"1572"	15.7954841496795	25.5629744245492
"1573"	4.63388126535189	42.3424695334319
"1574"	15.1152416013585	100.699177005464
"1575"	12.1148025280943	27.7932042586661
"1576"	71.4871972480754	2.75520745981056
"1577"	1416.56112968333	553.004421162627
"1578"	21.3824869014198	9.52628996566751
"1579"	41.4981191363621	98.9366361751737
"1580"	72.5942309236782	29.866894275684
"1581"	1.08113889078377	11.7874544549192
"1582"	53.7968745363025	22.2200271595062
"1583"	5.22803115415917	4.08594182123311
"1584"	50.2329643014218	17.4570705995718
"1586"	9.40799027813063	376.397137261432
"1587"	4.35355302586913	6.18956560332806
"1588"	0.252465439764842	3.69357091036273
"1589"	35.3430406392104	18.9384165792718
"1590"	0.854952583414679	9.91040109204442
"1591"	0.542008710555469	6.97716011394366
"1592"	4.15874823657008	29.8915873031829
"1585"	29.8818579369611	72.676789304715
"1593"	5.15696651452167	5.034392176743
"1594"	7.40232716267558	7.94744206293487
"1595"	64.3016406677224	38.5485117380979
"1596"	29.2957156954199	13.570054266656
"1597"	12.6257812380678	18.8661144240808
"1598"	21.144781584064	24.9592925007577
"1599"	0.169558144894535	5.1150557370939
"1600"	43.3234826202887	28.8745297995673
"1601"	31.1721424600234	6.85626791741132
"1602"	7.87923942229585	5.52978243487928
"1603"	0.399014694802215	4.8880667030615
"1604"	1.12123566285364	5.88812928370753
"1605"	0.498417774276154	0.0948612430240739
"1606"	53.9756770556349	8.36899850712314
"1607"	10.2656213944703	27.1802219336229
"1608"	72.763725382167	197.297637566483
"1609"	8.05043991252323	6.5636637538758
"1610"	1.70579879054244	6.06784442217538
"1611"	13.0133064179944	2.23554756816785
"1612"	0.244843227628953	28.0653068983131
"1613"	92.3025634700402	110.390812825614
"1614"	316.274428076425	85.4170621321081
"1615"	13.0400367427854	32.7872008380316
"1616"	35.9165048238274	16.6284511604406
"1617"	1.41463844974998	58.288192322839
"1618"	1.558037442235	7.15655981014618
"1619"	155.495327249625	123.192691864956
"1620"	150.996886225475	58.6491684333985
"1621"	140.745109824097	55.5398920583695
"1768"	245.829078168862	62.5836975230807
"1683"	19.2845347571713	118.270769847441
"1685"	36.5290350692262	32.094541849297
"1684"	26.6183718546251	100.049636658069
"1117"	0.685106675198097	3.33378562115752
"1622"	6.88733510257686	140.095209419404
"1623"	1.54405098581994	6.80467460994459
"1624"	67.9593627075137	16.488267155376
"1625"	205.278217097384	6.12707633187666
"1626"	152.073045219531	184.129350139552
"1627"	144.916600223005	25.7827478284952
"1628"	9.01567078679692	60.4411104305776
"1629"	28.4429869431568	25.5468778503908
"1630"	50.0340578413616	29.5040984441806
"1631"	16.9904379973672	26.2986333110382
"1632"	143.715858027871	15.0205961598947
"1633"	223.967836669393	24.6229222624301
"1634"	75.4265616229115	10.1964616872693
"1635"	34.1952617564221	5.37063676915531
"1636"	35.6712110134133	3.24410872976635
"1637"	92.1933042361994	23.7486721843972
"1638"	78.8531856689117	17.2274596116539
"1639"	87.5870215925406	96.5268270777372
"1640"	82.3725197935726	15.6544570548109
"1641"	11.2258761756669	9.6834893717878
"1642"	17.5306159263548	6.51228576293363
"1643"	108.930429223573	93.1967272717324
"1644"	80.2852154427566	48.998937355514
"1645"	91.2589128367766	20.0297179015022
"1646"	29.3084550057321	7.91267064458663
"1647"	0.804404300937825	11.5466075407312
"1648"	2.98027373148068	8.87901517946538
"1649"	9.43799004094629	7.39037291078261
"1650"	5.19192979893096	14.9746449556703
"1651"	4.4104975612499	16.1949673879715
"1652"	71.6036855037472	16.5426378598282
"1653"	52.0620594618546	14.4611828509309
"1654"	216.200123139052	26.6412226371656
"1655"	140.400613807912	33.0781335081252
"1656"	98.7998422590282	56.0704073329497
"1657"	133.303719981272	64.1175054930412
"1658"	182.909623819759	22.6367123974494
"1659"	197.77283511633	88.1783127557007
"1660"	62.0498934438228	16.5165262918484
"1661"	206.192465302983	97.7695921261363
"1662"	188.176037381205	59.3845981082236
"1663"	146.696177038594	14.3916649873329
"1664"	212.845179415386	89.6904081915771
"1665"	143.483600228801	99.4301867852696
"1666"	344.481314725409	252.57615599646
"1667"	42.8875398148497	12.5072262524266
"1668"	33.5054195305882	9.88639203097165
"1669"	47.4332673989958	23.7009694190476
"1670"	90.7886771530038	15.9532699026851
"1671"	48.7587467649268	12.9663891699608
"1672"	39.2659906066165	16.6111220598222
"1673"	40.6028549507055	3.4775987736632
"1674"	25.4897052156482	24.9108328181491
"1675"	76.0428730512696	35.0933118329597
"1676"	37.0748789102399	29.0028427249126
"1677"	23.597207050536	48.0506574603789
"1678"	3.71270240682108	12.344182574581
"1679"	1.46584286074584	8.27235529776797
"1680"	209.00056549326	74.5375184932557
"1681"	559.712995491235	101.564148310542
"1682"	506.965507646168	43.3479816575293
"1686"	134.357142556523	12.5116353375112
"1687"	48.1909693767028	10.1561982067088
"1688"	111.924325550969	58.8917163484381
"1689"	2828.50138374399	179.126599627707
"1690"	1296.8206295372	239.468232272895
"1691"	153.55033979071	57.491338653813
"1692"	280.375205939587	36.3824888638606
"1693"	321.561078135465	15.0022411242775
"1694"	532.86156234323	120.456223290476
"1695"	73.4501703366488	25.2471028346277
"1696"	496.276601502819	11.9970932095834
"1697"	292.384901143899	71.135545284067
"1698"	94.8356338487447	21.165738796634
"1699"	247.775751825489	18.0935547884156
"1700"	118.564681791422	36.3250054645775
"1701"	9.2468018786597	6.93006536608513
"1702"	19.011953295876	8.59374617428349
"1703"	173.692380295509	23.1403391544516
"1704"	110.489322875234	12.0308128078339
"1705"	4.34317128685146	12.9605038841292
"1706"	4.67501998064957	2.60589049305173
"1707"	80.8894771900821	13.6596129779535
"1708"	269.767855200119	118.921770475014
"1709"	4.21657103218304	8.62760288154577
"1710"	284.709304158838	12.0645357401033
"1711"	68.8642199553967	134.901102258325
"1712"	108.165725765732	173.281493541676
"1713"	267.697152615872	71.624310422219
"1714"	4.83530634432962	10.5231795614253
"1715"	30.9827513890087	79.4793211628017
"1716"	129.443252695908	46.789507494788
"1717"	1.14221765320202	0.277762842681233
"1718"	178.626006774191	74.610137621792
"1719"	22.6009703086316	71.9333453655744
"1720"	269.632363239745	134.013689425278
"1721"	100.344335859949	19.5935404997398
"1722"	94.9653519932018	24.2485753906628
"1723"	43.049001625578	0.716770758797467
"1724"	4.0779780312163	14.5651205227088
"1725"	55.5458968782499	74.6706562931581
"1726"	38.8767013979319	37.722862272699
"1727"	8.0247030456647	16.7465774156129
"1728"	134.629478581672	39.9605121715519
"1729"	21.1404356524651	0.0245894151464897
"1730"	76.9967747790224	131.428333966362
"1731"	161.462274218745	27.5054202632879
"1732"	173.649546125146	62.9173535860376
"1733"	154.332421314715	218.454038186153
"1734"	87.6098379864946	19.843618376188
"1966"	15.5475398806043	24.9729333601848
"1735"	2266.6094592	500.366283086904
"1736"	766.892716636812	217.087208106461
"1737"	632.853238134273	158.941452784085
"1738"	1039.04178061904	373.69648329705
"1739"	124.518752683936	19.7244097653435
"1193"	90.1155592531882	0.0836358003689945
"1740"	5.538980957491	6.30677209124922
"1741"	75.6201497863255	41.378121373914
"1742"	2.45379851602541	7.69610060631311
"1743"	64.0316641611877	17.0939420587038
"1744"	28.6350287797417	39.3290230515715
"1745"	132.609477520447	32.6880304762975
"1746"	1.67841435883572	0.00998615805777946
"1747"	25.3320971798785	6.41428560061136
"1748"	190.87512166696	132.526371077944
"1749"	77.3052997541833	20.079493461476
"1750"	169.168627909741	34.3528330091222
"1751"	77.2706470594345	22.6145098113722
"1752"	65.6490914301736	8.35116185589407
"1753"	35.7588128352554	3.69216073923981
"1754"	84.0744837396671	82.0655267537081
"1755"	13.5536589037205	5.15374826623585
"1756"	10.3944814678249	0.347284736096415
"1757"	2.41367091294244	13.9015835664317
"1758"	39.6813547384072	41.7680539833615
"1759"	9.58724811338809	7.96643680462693
"1760"	598.18991439293	213.708182394912
"1761"	9.50578678121558	9.07370276694748
"1762"	11.9712093715309	10.1259409701078
"1763"	2.70630639483948	13.8385441584138
"1764"	272.545004164658	55.7725666798536
"1765"	3.72814275035588	3.17180745687726
"1766"	0.591853082242448	2.55278648847925
"1441"	0.0502845282192295	1.41713855430278
"1767"	2.38813410111231	23.2592764499458
"1769"	234.203030764401	186.6600556498
"1770"	210.297069822006	36.1915834509109
"1771"	152.892345580432	43.6940964666596
"1772"	236.510416119172	70.4088960987832
"1773"	385.005239074805	1878.5729907057
"1774"	435.75215715086	55.4511883269744
"1775"	154.421778372754	25.8474160248344
"1776"	28.8442144292732	58.7497453779612
"1777"	19.3843709622212	15.9594913816629
"1778"	3.8660883114076	2.09114150977314
"1779"	79.1238045451121	64.3331073467631
"1780"	203.317585246903	27.4543793461937
"1781"	462.042414980533	315.342260375567
"1782"	11.3998141995468	15.0685660243867
"1783"	130.061038723171	63.946871563962
"2459"	59.4550555170844	17.998377815837
"1784"	20.6630836113185	21.1972394212216
"1785"	29.7756425879778	27.4672301180504
"1786"	65.6967839811176	33.7522061951319
"1787"	31.3961473228359	25.3478519480051
"1788"	2.81217919630534	28.0644969726118
"1789"	111.488645650664	57.5736650294967
"1790"	110.423232019973	0.411743594975934
"1791"	33.0456397884434	119.88050358516
"1792"	1.03286199503054	5.36819815243391
"1796"	63.6500767060668	3.31621109904977
"1797"	283.386754408428	76.224403217209
"1798"	147.413620962004	63.6962479195673
"1799"	80.6148047462961	61.9612341164771
"1800"	13.4289341510495	27.8235867714602
"1801"	14.0073957142285	11.8999713656953
"1802"	6.50520878416258	49.5836154703139
"1803"	68.9711682890145	14.0613068475726
"1804"	0.603353079748595	11.3002721171953
"1805"	0.593606264008873	3.82034166904364
"1806"	44.4878354951484	40.1046706896575
"1807"	6.0688282776165	16.0515568571935
"1808"	99.3829238127939	38.3398235790759
"1809"	17.8009510253028	6.32865184121776
"1810"	22.4772130998164	20.6624189843799
"1811"	28.2466501389779	79.3419167687166
"1812"	1.10743577077861	10.3100221641152
"1813"	32.3600011758834	20.6914214802467
"1814"	0.742089882582727	5.11027422340391
"1815"	7.31312972592384	11.6340124291245
"1816"	55.6324723918897	188.73805955596
"1817"	12.5647673877244	13.3074145178669
"1818"	1.25674730456354	6.82696680816264
"1819"	31.6508465051015	20.8615647612578
"1820"	7.95965770761182	30.5783461749001
"1821"	16.8769574167707	24.8197635014841
"1822"	1.01851715526509	25.7368413495938
"1823"	3.22388623495676	9.26551680199414
"1824"	115.65360802975	0.0645291456930392
"1825"	196.47121668733	16.3477144032244
"1826"	42.699660551615	20.3826282009898
"1827"	117.828722987046	13.2626368763889
"1828"	26.6124684405085	43.5313905344247
"65"	1.43498688746656	5.87845575774748
"1829"	350.794560547361	70.5959181075073
"1830"	333.691319969336	36.0160700654487
"1831"	245.970179074082	204.037954169382
"1832"	229.95295239146	49.8939625337878
"1833"	4.00165538927938	7.61574756441197
"1834"	110.281411194376	0
"1835"	113.467552634544	130.82978557247
"1836"	163.806216647541	52.8751468302504
"1837"	6.32645865464157	33.8453606399712
"1838"	151.025666840198	32.6185969504021
"1839"	77.0957416414663	36.097775325385
"1840"	50.8318553887158	11.7117461682672
"1841"	0.794160415360892	35.718146241513
"1842"	56.7097811261337	17.2706123464377
"1843"	45.2829994957616	8.68096124060886
"1844"	21.4643495796358	12.9787634910477
"1845"	57.4979975757453	18.0667945505847
"1846"	27.1338226808304	42.3120612011708
"1847"	308.307360852788	68.0341105652849
"1848"	74.3140171129705	39.3624812368789
"1849"	77.745661247721	22.2811389659444
"1850"	32.701855214742	8.39486490721569
"1851"	40.3577225281001	44.4678563819991
"1852"	42.1986172984546	11.8811102809238
"1853"	117.039046130438	15.1906460159621
"1854"	35.5446284007836	39.1544635474487
"1855"	144.589126038938	133.78208024009
"1856"	109.934717550191	5.60565633908048
"1857"	118.664706482161	30.5122179680252
"1858"	1.3001719134734	2.95059649855073
"1859"	15.5907332905399	20.4486154561124
"1860"	0.743825668522791	12.3332147704021
"1861"	0.569584192344311	7.80444748379514
"1862"	165.129786948144	18.4488184227153
"1863"	69.8297839316512	29.999188002278
"1864"	29.0812855691909	10.6758920741554
"1865"	1.80968431420875	22.1606169461197
"1866"	0.410350584209212	23.7138271091961
"1867"	1.23956907568961	0.113826286170484
"1868"	23.9748132183459	30.8850760108944
"1869"	22.426087398253	13.5828702241332
"1870"	29.7301313817519	60.12045237242
"1871"	71.7702372397228	16.3757396952395
"1872"	36.0972922670477	29.0924998957965
"1873"	3.57061820929768	5.77593423069626
"1874"	3.50447958409359	25.1034260138003
"734"	16.8013651691363	24.9580217531432
"1875"	6.93229879799691	17.7752401919296
"1876"	8.22469350924895	12.1434342653994
"1877"	35.9549516459853	32.416863482013
"1878"	5.1574512227012	35.6893399158008
"1879"	77.447737797733	66.8029306088538
"1880"	6.37712982587337	17.4853887285184
"1881"	18.6529742123238	21.8176290002406
"1882"	7.88385151643159	49.9711167432542
"1883"	37.7608481020957	39.2127259987719
"1884"	0.232260485318879	42.7017479453084
"1885"	16.8886006756826	36.1640854528579
"1886"	50.4160117419694	43.8024131902149
"1887"	33.3162851547933	130.314853862506
"1888"	36.2380659462627	42.3358744828603
"1889"	33.3077455724349	167.136570472008
"1890"	1.04313611880845	41.6364703955031
"1891"	109.379874262818	45.849310419946
"1892"	9.54087390752993	27.7869922827843
"1893"	0.0589499899389593	6.64245352412064
"1894"	61.2572222842415	38.3841458651329
"1895"	26.747345822668	0.28236157510039
"1896"	104.610587189286	39.6583787076853
"1897"	32.6645811661385	31.8657705106882
"1898"	0.383862321826354	10.5410410864194
"1899"	61.4115068610007	13.85372957194
"1900"	175.153271019449	24.5329626182033
"1901"	69.3386011375069	21.1155594469285
"1902"	124.640767697285	22.6850518738383
"1903"	17.4755134380798	3.71573331144891
"1904"	5.24306231409194	10.0459640787887
"1905"	1.69981668952434	6.64090432080763
"1906"	6.84207115760693	4.74503246306012
"1907"	124.650146371314	35.3442230944345
"1908"	19.7324210872182	44.5579004995526
"1909"	108.406046247398	47.5437883326029
"1910"	369.453254604611	201.737321328476
"1911"	286.995605305506	334.174367500512
"1912"	128.528620447279	502.422865445483
"1913"	79.034806819034	2.88705270296685
"1914"	59.5625906183075	40.2117218311374
"1915"	38.1001192876869	33.550271268396
"1916"	67.715724068559	29.4772104746453
"1917"	30.6967278339341	44.9603998717823
"1918"	30.3944487691396	1.77796438115126
"1919"	19.04981465758	4.12637729763725
"1920"	34.766193444422	17.5854705706478
"1921"	12.8342145719078	20.4694573250861
"1922"	7.91000886327044	19.1993316727484
"1923"	42.4270829056041	19.3618926313927
"1924"	120.379031291895	62.6866529834399
"1925"	93.5861895259222	20.1337524567899
"1926"	45.5472798309467	38.8971538617428
"1927"	128.440712228513	38.0724680741527
"1928"	10.5457786727364	31.8217779695031
"1929"	1.18608006570416	29.8785209783584
"1930"	165.164495798998	23.015823727143
"1931"	429.454398465823	94.6164780077863
"1932"	33.213085924674	27.9322690168371
"1933"	7.65752310629575	4.45552628990513
"1934"	177.410017261953	131.71443882673
"1935"	184.114876256742	1.73143037402169
"1936"	6.72960970976275	85.1868753600135
"1937"	11.13738086887	27.734590943304
"2147"	34.1850550611392	66.431738424256
"1938"	50.533124842478	31.8056268528575
"1939"	3.80521515290454	9.4735583884847
"1940"	56.5777438138695	357.199458464453
"1941"	21.9040921181643	36.1798917656055
"1942"	81.429108213847	0.498758394970745
"1943"	136.46555481769	59.5869591492075
"1944"	97.391459728956	481.376558506743
"1945"	252.564457117032	3.65589111810923
"1946"	437.783689952194	92.418437565531
"1947"	175.898627295474	123.984211697639
"1948"	40.9489580108584	64.418920418781
"1949"	17.840951358487	23.290284597506
"1950"	75.662327304231	28.9080063810543
"1951"	212.91839775384	71.7313703010923
"1952"	77.20994792387	66.1344172500357
"698"	1.32941408643361	25.0836573420157
"1953"	127.126419827012	54.9140030162648
"1954"	42.2706697893298	166.641146482404
"1955"	22.52582128434	24.2107236295485
"1956"	4.60864393573712	20.1336611432571
"1957"	32.9635865480556	27.7463967247763
"1958"	2.02485202402771	29.4992484723884
"1959"	65.0604743761754	27.3669481621334
"1961"	36.1067695012588	14.9057028601555
"1962"	6.4970254026704	8.63477983233633
"1963"	16.8423860642336	17.5475694641943
"1964"	133.140273663568	38.6519944609173
"1965"	1.22436322058648	3.61940413480553
"1967"	2.4480359992877	9.58211191711774
"1968"	4.12881270716189	24.7298068512618
"1969"	2.51194649227461	19.6585799120502
"1970"	116.997198127356	51.2376306067085
"1971"	42.9365951358774	25.2847107074243
"1972"	0.828361418516706	46.8183613526404
"1973"	31.4297889922126	23.2266391018178
"1974"	21.2083643022636	35.9447519513389
"1975"	0.794189373325949	9.87544156773587
"1976"	0.372786636826038	6.30602049106862
"1977"	96.7902678863254	22.3154548419911
"1978"	469.396421489957	85.1351142143483
"1979"	30.3618554116099	3.74366561246178
"1980"	3.2472498434068	2.35722448738489
"1981"	2.2209144163236	1.73798363516472
"1982"	48.0132669074196	23.4608966096377
"1983"	5.6097019561815	5.8463566913511
"1984"	6.42689346800407	75.6514520994219
"1985"	3.10651661647488	21.7173620477633
"1986"	6.06806859445875	15.4422902058979
"1987"	77.8047473966811	23.5629739104192
"1988"	21.919858888594	21.5957419081055
"1989"	52.0027503108058	22.4558778317512
"1990"	54.4141425376281	30.0008967661286
"1991"	58.9730554842988	16.1720821483419
"1992"	81.1343335665614	9.79814882612283
"1993"	43.1848150038658	23.7324927276835
"1994"	7.93781395189524	13.6132946498883
"1995"	10.2750264844954	28.3931468994487
"1996"	79.3243534377902	42.7122811270647
"1997"	0.266306674952695	4.432145328797
"1998"	17.6904355707729	23.6683036430741
"1999"	4.90390199831944	0.242994493858677
"2000"	29.692628140197	11.438778475714
"2001"	7.75261472240327	6.65247189710005
"2002"	4.85648747893385	3.18453569038956
"2003"	0.759071049397126	13.3062938411213
"2004"	0.257458889118218	17.5065552964871
"2005"	25.7310629715316	22.711771750452
"2006"	95.9880743582522	42.5122451204805
"2007"	4.53313750543027	20.311980523908
"2008"	112.24784217101	30.594007619374
"2009"	15.7757605377041	3.65463257294978
"2010"	23.5914621336484	54.0343656539982
"2011"	1.27966814213273	27.1180757010457
"2012"	2.9580024610429	29.9074251522763
"2013"	22.4110008320342	9.98571805365652
"2014"	55.9797372682172	37.8858053557444
"2015"	91.3465146308653	159.356367325733
"2016"	3.30329112194984	0.620756722279818
"2017"	24.0870950990658	39.7812359351513
"2018"	27.0377922701185	46.960138564145
"2019"	17.3168226458087	15.7521677659414
"2020"	1.02896161647478	19.2294170608183
"2021"	1.53017041996039	9.1003913612185
"2022"	0.899621580454251	0.0932377084522138
"2023"	11.0887856193831	21.3528266420091
"2024"	270.795028553943	157.570847493001
"2025"	130.228196025212	13.1174047563218
"2026"	157.760054193173	90.3267923884178
"2027"	142.925028179433	14.6787922379526
"2028"	156.048838811436	31.732963540511
"2029"	2.96915951463685	9.00139818122985
"2030"	42.9014975426599	25.5129919491279
"2031"	4.40855783177842	1.41429618242897
"2032"	68.1160441551888	6.73039903363265
"2033"	109.722084753381	31.7122758087634
"2034"	17.0180557758932	0.978313304183844
"2035"	160.383061909049	24.5715946657088
"2036"	9.7244728484226	9.74190787691689
"2037"	2.81612068874799	58.3473410656929
"2038"	21.1574043513156	28.3160285727988
"2039"	534.087709698079	134.018909635063
"2040"	0.462167485177156	25.4687049819921
"2041"	64.4954387911052	32.1490601284855
"2042"	296.428580966755	595.149750950617
"2043"	672.920876359436	1116.20771891677
"2044"	2.91600575212095	16.2845143407073
"2045"	23.2626189145025	25.2377606966669
"2046"	1.00260750115928	39.8601579531542
"2047"	12.6852143460336	10.6009891518397
"2048"	34.8149688232508	14.377429387562
"2049"	45.5161921758118	23.3911988742723
"2050"	17.5551468158427	16.8743848267622
"2051"	70.5749063205151	53.5138411793208
"2052"	2.15734914462187	10.5410891654889
"2053"	31.0041591459534	67.4261704039443
"2054"	5.28322931689128	20.7172498602652
"2055"	8.83801555803709	9.77199735020237
"2056"	93.5036289521298	177.725139744892
"2057"	4.14976600039291	36.4682734990138
"2058"	0.720010671414231	8.54925713975602
"2059"	2.38329879957969	4.92052270907372
"2060"	2.48276377451764	4.21197154872503
"2061"	53.7149654120137	33.935390765075
"2062"	4.61021098893009	10.2242502215264
"2063"	5.28200643461701	6.40199259843057
"2064"	3.95537329358021	18.1355495428192
"2065"	0.332888048674152	5.73263614439827
"2066"	78.9656479752372	34.477115194524
"2067"	16.956954210682	25.8498522470419
"2068"	19.9592893720892	18.6700560332875
"2069"	41.9641977699926	44.5675551531313
"2070"	51.3041872382347	9.25940008489562
"2071"	13.2230686414504	418.71525614608
"2072"	26.799372988698	20.2229473851099
"2073"	10.6545182844968	40.5503455860988
"2074"	22.2396279634734	8.3521073134863
"2075"	67.2201499890376	98.3848990411107
"2076"	1.15930410647651	10.6575365846491
"2077"	14.9467411767717	33.9440554781946
"2078"	2.58256861956164	18.3095018743414
"2079"	1.67881785019919	13.0161212986277
"2080"	1.37945686269228	4.90284317573525
"2081"	4.14392298293596	20.710833191201
"2082"	47.8171012065003	81.2289907396356
"2083"	0.679073541015099	2.56488533121504
"2084"	10.4967787127499	30.0845636655047
"2085"	2.16065773800696	0.391478195709291
"2086"	295.745740682633	142.461170946291
"2087"	2.04981339401084	13.4067845156626
"2088"	2.0461482840809	21.4444338497125
"2089"	3.51794425686696	4.00609314657063
"2090"	1.44821151242325	19.3072811385312
"2091"	0.683151709231339	0.431308315238228
"2092"	36.6746987583386	31.7079208753748
"2093"	2.80142448461086	30.7558365353118
"2094"	38.6913007436546	13.5912385845669
"2095"	0.668151496582246	2.06216066443606
"2096"	6.51790181720519	44.3578569569101
"2097"	0.75644851732846	9.71829188639325
"2098"	0.612822072421478	17.3795573706671
"2099"	9.53451286517219	23.8974539354605
"2100"	8.78917582307895	36.8041724753385
"2101"	0.534247810066738	2.39019891721502
"2102"	1.38533610294355	18.8200446876609
"2103"	14.2354549882316	29.3969889688122
"2104"	5.5709624046981	84.1463890739618
"2105"	5.22780035033201	12.7299745312949
"2106"	36.4236036693214	41.5836844127003
"2107"	35.8398388585011	9.53284915764158
"2108"	7.76291942681801	56.0790542576391
"2109"	93.6004337343695	121.158045599776
"2110"	19.3349472162296	3.95058015646218
"2111"	7.5752050316476	77.6759838972575
"2112"	3.51817293515494	2.43056350692351
"2113"	29.8477151661757	41.4144899301717
"2114"	0.812823672927171	4.83841511862233
"2115"	7.58688616989879	14.0694973651052
"2116"	3.75424543687369	15.8222345402214
"2117"	1.03625967260719	47.7542184045934
"2118"	2.67573191328721	12.1542895947586
"2119"	10.3337472071247	11.1614472566398
"2120"	307.859892885092	44.9372185745993
"2121"	10.9507127458077	13.0459452905463
"2122"	12.8891958058592	16.3059735927923
"2123"	17.3461732740345	59.1265973189808
"2124"	12.562352473424	23.336784406657
"2125"	3.86550832765813	4.96935183623331
"2126"	63.2469255239085	30.0075421967626
"2127"	37.7570638140524	236.241185374048
"2128"	4.54242121633636	24.908426368587
"2129"	7.16535662714495	20.8170758598322
"2130"	38.3060283385889	14.9053053030941
"2131"	3.26452120565231	18.529976734444
"2132"	657.836224485934	332.141231668214
"2133"	20.5380539203407	74.6396158602795
"2134"	263.736940543213	26.3140517749441
"2135"	71.6325003914271	12.5098444169524
"2136"	34.4372719576266	61.0443856035596
"2137"	145.796942713898	66.4110629202758
"2138"	0.351107530765619	2.90185837652633
"2139"	2.29201251286954	20.5834339737506
"2140"	3.55218984976184	8.43547388706511
"2141"	134.777552848102	105.944020384755
"2142"	10.386439788631	80.7040238466427
"2143"	110.635761871242	43.4901241234828
"2144"	92.5586410882187	41.4885899413193
"2145"	3.04539879914757	8.9392079003633
"2146"	39.7215256955873	62.8244781679392
"2148"	93.608472876405	39.2197452816682
"2149"	1.58253738455493	12.4678354693373
"2150"	19.7602294734918	12.4586610038919
"2151"	9.10641259877443	83.5215266778874
"2152"	110.35245342432	113.035363572505
"2153"	63.5656559396623	18.8540732650608
"2154"	75.8036465124341	28.639582421563
"2155"	8.74741190904635	14.2534797609501
"2156"	5.99916976939933	9.49232643180438
"2157"	60.0081855927709	57.9625203203908
"2158"	152.357409125332	149.570530566444
"2159"	106.428458942823	61.3946774406377
"2160"	14.5942508420259	45.1401333405918
"2161"	4.60093065289916	8.78475861904815
"2162"	28.7264231278442	18.277060623137
"2163"	3.83483907845398	10.5857825545972
"2164"	6.90855118806321	4.50066456814812
"2165"	14.7827757740017	42.3246095947748
"2166"	2.13248608574362	28.4199245027799
"2167"	1.09457141175754	9.05787087833805
"2168"	2.02197708802112	9.90275597473506
"2169"	0.696758504196966	0.133198759169362
"2170"	131.57091660361	22.086484707723
"2171"	30.0933770168214	4.15614351421508
"2172"	11.732782326918	36.385063055948
"2173"	81.5266178024411	15.298292838893
"2174"	4.46259137944073	21.9642210347474
"2175"	12.6279249955669	25.3021950423998
"2176"	8.48820714952126	24.4063549465374
"2177"	9.37489479981063	27.4806774258495
"2178"	2.35430887762514	10.11559907149
"2179"	138.703084986007	21.2253658510728
"2180"	25.0719885712375	40.1847481517824
"1255"	54.8195984631087	25.8216825242308
"2181"	136.01017853163	11.1136368785519
"2182"	0.507672823004219	1.05502742724802
"2183"	6.33631065457881	10.4360808312326
"2184"	3.52529436672647	2.37250953136605
"2185"	7.81883122134659	28.3783310216197
"2186"	2.57425954516092	14.5659044289646
"2187"	45.0618756327359	61.3382880569911
"2188"	28.5279321552931	27.2319848770721
"2189"	77.6361675787641	53.1986985479695
"2190"	83.2906464863071	18.7427007065492
"2191"	6.81663259107094	5.52905576647106
"2192"	133.406301661468	86.2489498624337
"2193"	92.3848471251502	131.826052470203
"2194"	283.421571333372	38.2961722743335
"2195"	2.7037549745767	8.38639535273562
"2196"	265.450234108661	15.503823502243
"2197"	420.15327049295	68.9985361214979
"2198"	370.112027074581	83.5859319880358
"2199"	27.4160250139514	5.40404085215117
"2200"	97.852364627527	0.0461797045129349
"2201"	0.775489689994516	3.74403600200507
"2202"	12.6099341950921	5.84480321211457
"2203"	4.49445848433065	11.9085228258143
"2204"	6.05944941209261	1.2545614247422
"2205"	5.65237413340257	0.343964399741511
"2206"	7.42376393473456	18.4636467311636
"2207"	54.3341642570218	24.725581471398
"2208"	13.3016103104147	11.4999690905816
"2209"	11.8177437334958	9.45402496088001
"2212"	53.4987290231333	39.0690857169712
"2213"	8.37354180152142	7.07289119174244
"2214"	11.9539720830687	11.1100176955265
"2215"	32.6231352017991	56.7454395919224
"2216"	16.1196355804877	16.3823421293163
"2217"	667.101990694475	235.917523380462
"2218"	40.8443881801626	20.4174061428104
"2219"	19.0845157307639	30.0947301294663
"2220"	45.6616094064866	18.7777801451919
"2221"	241.618276216417	86.8333005772901
"2222"	106.548665563547	33.6387036628808
"2223"	17.1298183670506	11.3830942454596
"2224"	262.826931528687	61.0186000801002
"2225"	46.022006012888	7.16871500255427
"2226"	83.9871388865505	22.1906473570063
"2227"	129.158232011955	58.5142607082473
"2228"	7.12928733073187	10.5846580268337
"2229"	43.5332857175828	52.7616613860413
"2230"	184.542205097929	66.8105625272838
"1435"	11.7220339337454	28.0432652437025
"1436"	0.760092549268491	19.3229502666833
"2232"	0.367742016481636	46.6350416268844
"2233"	2.76758038273331	10.9663468712895
"2234"	285.487136672399	96.5580882783113
"2235"	1.77652897729335	17.2753008718486
"2236"	15.6009668220734	40.4608784848932
"2237"	26.1673069095418	78.2167245482516
"2238"	9.82473349674402	36.023427479092
"2239"	263.051346323623	115.450063846564
"2240"	10.7436428900178	0.0334737259830803
"2241"	5.03118800405825	1.82185064128238
"2242"	34.6113816149692	22.9639718570159
"2243"	63.8579081118201	10.4539584594824
"2244"	49.5422848286383	6.0578061202842
"2245"	1.00260386466602	1.72275599308788
"2246"	1.88773144899095	3.3266850637465
"2247"	0.614393740913558	17.2063690070587
"2248"	147.463725768947	110.909411680059
"2249"	26.3451888313975	8.85463848333344
"564"	103.695252942341	20.2008344330482
"2250"	359.47496590809	107.365482269149
"2251"	0.101283349907515	2.32253615476338
"2252"	28.6924107279452	25.9249294505373
"2253"	22.5463349462813	13.2064184264189
"2254"	17.9807967414465	48.1182278396962
"2255"	43.1712252059014	5.88329274676015
"2256"	179.720347728167	23.0860446639003
"2257"	14.4678415436169	109.507510795243
"2258"	12.0694643494424	8.3678067562811
"2259"	4.29067594732824	15.8516637859827
"2260"	5.02431390659208	18.8526996406905
"2261"	6.24995525769928	12.0916087123246
"2262"	0.910003769828409	44.0032717805126
"2231"	2.5800098140353	38.8896219205822
"2263"	3.24889904422967	23.3140664415736
"2264"	34.8641357679612	26.4748003117855
"2265"	0.620675643724046	1.62226533679266
"2266"	1578.86300832532	723.231217931052
"2267"	8.56415704403191	2.23967223022521
"2268"	156.606713256452	60.7938935420939
"2269"	2.52117286581834	23.9558941189827
"2270"	21.2756698425349	23.5147609525012
"2271"	17.6569391018998	22.0533462410386
"2272"	10.5134242646016	76.4200096249929
"2273"	3.2056202590737	1.74735268924611
"2274"	29.893039189617	0
"2275"	1.60015688230479	1.09260139340377
"2276"	4.09541517119782	48.7028458140774
"2277"	37.3098396124879	10.5792031627232
"2278"	56.0019549822735	18.8259791150796
"2279"	85.8794759690302	20.5812812280694
"2280"	27.1252486704372	14.6519928980086
"2281"	2.09048519538746	2.58477108955346
"2282"	20.9919301258411	20.361627316386
"2283"	57.4940642398044	52.3451571245538
"2284"	50.906610565841	12.4494769941439
"2285"	95.570745375251	31.1929021970731
"2286"	24.5858356979443	7.57854371964234
"2287"	69.9058560227213	20.0227990500458
"2288"	0.469002813626381	0.964173689986381
"2289"	4.45936663369555	12.8502471686977
"2290"	281.879119263847	84.7635559561257
"2291"	0.885488454546318	51.7316363139715
"2292"	28.8657462604651	9.85350790879545
"2293"	10.3241354683092	8.71272443731687
"2294"	236.876139390088	0.985133109884678
"2295"	44.1976518453789	40.139907205785
"2296"	15.2842146248281	14.1206240807771
"2462"	14.5697781561632	7.26038626543591
"2463"	15.1358212679995	25.9328064514794
"2297"	1258.7174115438	692.674219538087
"2298"	169.011126229123	161.576027351709
"2299"	262.128283645064	85.1856277648451
"2300"	102.839264559203	13.4655732090223
"2301"	5.6671176465958	9.77610338914442
"2302"	12.3116784991753	36.7721488260892
"2303"	130.129147192461	98.3209140527962
"2304"	55.3556416292005	9.42257631790984
"2305"	9.08803513708922	0.100189241948646
"2306"	1.84815766454967	5.27413494216747
"2307"	21.4725322362464	1.55733279709262
"2308"	101.779321758345	87.8908763526083
"2309"	95.5273997974924	14.3421356479672
"2310"	301.557753128114	215.438264563359
"2311"	219.084457216395	82.2336730447243
"2312"	143.145131529107	33.7717390989893
"2313"	183.794163341713	17.5143246646307
"2314"	15.2968683320544	34.9901695730668
"2315"	75.4918345569621	44.9069763183624
"2316"	39.4508541011975	69.0261196101041
"2317"	121.509997947012	90.3061518419213
"2318"	69.0545923528511	85.4953168715229
"2319"	42.9477339261136	10.8649057312128
"2320"	54.3440729965016	20.8205214635934
"2321"	84.8599653120016	25.1297311325143
"2322"	8.97557597762865	61.3960870407439
"2323"	76.4965387751886	11.9298543840683
"2324"	145.808937753998	41.1574414105562
"2325"	116.361814454616	39.5410103900935
"2326"	183.20934860202	97.4550583836238
"2327"	482.54850685667	20.7842249700865
"2328"	58.7492782648965	81.8183917912447
"2329"	25.9697961184475	33.2957693600231
"2330"	230.984342274393	64.0825633448137
"2331"	387.086231577311	87.4794231714245
"2332"	195.836888712134	171.912783970387
"2333"	301.555467504673	126.286650078465
"2334"	318.050467492922	54.05995631353
"2335"	85.0371067887686	27.2816667400803
"2336"	76.5669206420669	71.5644294887475
"2337"	71.7992468678946	77.1304585927695
"2338"	116.10534635229	28.596364864758
"2339"	143.616228894978	32.3219688384704
"2340"	2.65010408662661	14.9342072385322
"2341"	157.39628844326	90.8788834447925
"2342"	61.9024632530305	15.0070201801786
"2343"	2.71662550648993	17.6237938240756
"2344"	33.3780599428307	39.5121336747028
"2345"	54.4602561289667	19.3658075868981
"2346"	35.7546400798796	25.615492931796
"2347"	118.856731465778	43.1550616095141
"2348"	17.8912938491873	13.5562448384155
"2349"	16.0422062504047	25.2667625865127
"2350"	6.24403170425087	20.485492693693
"2351"	51.4616685282708	23.8429979698239
"2352"	47.2575552665027	31.1925951675427
"2353"	139.036763137706	41.6771939267224
"2354"	35.9791188587831	45.8490332147037
"2355"	50.0922747703112	16.0540536400511
"2356"	16.4987871628014	36.2522495908674
"2357"	28.0205252093555	18.7234655723307
"2358"	17.3735732416264	71.7730428737613
"2359"	267.885040263348	96.7850592977692
"2360"	131.031971789933	33.2188723946381
"2361"	14.1467794157485	9.9143113408574
"2362"	285.354540826684	58.8099882734128
"2363"	0.983671539214997	1.36971738167387
"2364"	5.03463733997055	2.33782673476055
"2365"	21.4265439720175	1.88263181322766
"2366"	0.140698666686722	0.803847141038622
"2367"	2.43229362970529	8.31855061885203
"2368"	0.072599964409892	0.19732788891504
"2369"	2.23676097325374	19.2829309023953
"2370"	1.73687797954317	11.7155129566733
"2371"	1.91806333554509	9.24658692029675
"2372"	1.98912555408267	4.83811916933752
"2373"	1.32933743528632	46.3229450564591
"2374"	3.61532403154969	1.1736590202176
"2375"	12.7109665879506	13.9033087851885
"2376"	82.9228758617069	11.2858078044509
"2377"	37.8977597414595	13.1419374695395
"2378"	3.0887508399115	31.8235891753835
"2379"	12.5177430937243	41.2812959818071
"2380"	229.469247769187	17.8662333761036
"2381"	124.450619429823	31.5571631693872
"2382"	26.7448790046659	12.7284275607399
"2383"	146.718884354067	85.4668886600008
"2384"	728.798857524603	37.2531777406857
"2385"	268.691208709643	168.750847932644
"2386"	288.353687998062	119.955461376361
"2387"	292.587204887742	70.2263723991018
"2388"	171.19799877915	261.506604752006
"2389"	392.399290225157	107.409265653974
"2390"	102.835292695522	50.1937357911623
"2391"	81.6815037380906	13.3170921441663
"2392"	17.8433329254402	49.6098019610353
"2393"	60.9141253392379	53.6183012451492
"2394"	37.6114805209507	61.1096106167274
"2395"	5.37531444957865	27.0681027700253
"2396"	41.4132267476529	13.2042545207015
"2397"	261.428819429961	52.3052107790963
"2398"	79.5391997606563	8.53293154343972
"2399"	67.2099079440921	26.6630656087718
"2400"	3.33769627237698	18.1688082194536
"2401"	26.4582041316478	40.9472317050407
"2402"	8.61198540452011	24.550620795769
"2403"	24.6255720904026	81.0513314227972
"2404"	27.5848680793215	21.9342315444981
"2405"	14.4629296251207	20.1903889829104
"2406"	22.1993926571064	17.1310291392839
"2407"	34.9911255512454	9.60115830087636
"2408"	8.45329743940248	12.876669895212
"2409"	0.835366348788053	8.01738429121296
"2410"	7.59946452369247	20.3899124236722
"2411"	17.5813821466659	33.8819664693016
"2412"	12.1153397738409	14.9338795095223
"2413"	44.9299380534292	22.4405916970302
"2414"	0.75713770255555	4.21139119710104
"2415"	2.52437068178301	17.945052463682
"2416"	49.4289521946767	29.7571090636451
"2417"	4.4465916578763	18.7364211495928
"2418"	6.37481732654742	9.78023360048274
"2419"	1.4216083506333	7.63147677354433
"2420"	3.03115318663918	9.71848215860583
"2421"	50.1767282922766	15.1460386970291
"2422"	51.923203763653	21.529152730082
"2423"	183.98269546718	103.0632307466
"2424"	6.02037169955996	4.4785448504564
"2425"	195.475295924284	58.9389100514362
"2426"	43.1548666067157	7.34979912943832
"2427"	58.8569236127791	42.1514643469389
"2428"	0.229129144975782	3.85239995569985
"2429"	2.71017483352002	14.3555265636658
"2430"	51.6161423359271	26.0601322245506
"2431"	244.147686159885	197.833584033898
"2432"	76.6028812128697	16.5652811842161
"2433"	4.001429886794	8.35196212008141
"2434"	139.216313963394	17.5067249077682
"2435"	38.1208792962146	16.4511937232411
"2436"	26.6386111562721	12.6522114063658
"2437"	296.645573734163	126.484669275553
"2438"	53.2525109931544	16.0633749854965
"2440"	7.40364994578275	20.2347369877928
"2443"	44.0323048011997	47.5816572621258
"2444"	3.59784451524817	10.7584577618774
"2445"	0.898322907292706	1.14106269444639
"2446"	0.758957623439203	10.705094738724
"2447"	20.8210214228066	10.4929559675268
"2448"	17.076993264086	56.2441893076656
"2449"	19.5293233202222	27.8734558345386
"2450"	3.98600095665589	8.76786969660931
"2451"	11.0410997685562	54.1027031166042
"2452"	82.0586878782309	41.925180845952
"2453"	24.6404083347674	4.35818354997043
"2454"	1.25005359942672	6.20014687615234
"2455"	5.47171217382905	30.2368041038075
"2456"	542.090872988274	35.219331113906
"2457"	136.147623486112	23.9735883152716
"2458"	42.8276486790724	49.3766222513669
"2460"	5.35290436352247	4.2152934090004
"2461"	138.135509500937	26.1206625900592
"2464"	19.0282636429925	9.43526844691267
"2465"	37.6656992474704	20.2174522204272
