node,name
hsa04010,MAPK signaling pathway
hsa04014,Ras signaling pathway
hsa04015,Rap1 signaling pathway
hsa04020,Calcium signaling pathway
hsa04022,cGMP-PKG signaling pathway
hsa04024,cAMP signaling pathway
hsa04060,Cytokine-cytokine receptor interaction
hsa04064,NF-kappa B signaling pathway
hsa04066,HIF-1 signaling pathway
hsa04068,FoxO signaling pathway
hsa04070,Phosphatidylinositol signaling system
hsa04072,Phospholipase D signaling pathway
hsa04150,mTOR signaling pathway
hsa04151,PI3K-Akt signaling pathway
hsa04152,AMPK signaling pathway
hsa04350,TGF-beta signaling pathway
hsa04370,VEGF signaling pathway
hsa04371,Apelin signaling pathway
hsa04510,Focal adhesion
hsa04630,JAK-STAT signaling pathway
hsa04668,TNF signaling pathway
